user_id,age,gender,steps,calories_burned,sleep_hours,workout_duration_minutes,water_intake_liters,mood
1102,38,Female,2713,372.5,7.8,0,1.09,Tired
1435,21,Female,1635,245.4,7.8,20,2.93,Neutral
1860,24,Male,16193,900,10,43,2.24,Tired
1270,43,Female,15633,819.5,6.5,62,2.61,Happy
1106,29,Female,10309,629.3,7.1,0,3.59,Neutral
1071,48,Female,16778,865.3,9.9,0,2.41,Neutral
1700,34,Female,8445,556,7.4,36,2.94,Neutral
1020,50,Female,13415,763.5,5.4,58,2.54,Happy
1614,28,Male,15281,843.3,7.5,74,2.42,Tired
1121,45,Male,7602,504.2,8.1,87,2.34,Tired
1466,49,Male,1037,120,6.5,64,2.99,Tired
1214,18,Female,10824,662.7,8.2,47,1.99,Happy
1330,45,Female,4775,292.5,8.1,75,1.71,Tired
1458,59,Female,11555,631.9,6.3,48,2.55,Tired
1087,24,Male,6120,325.2,9.3,0,2.63,Happy
1372,19,Female,15678,900,5.8,88,1.22,Happy
1099,59,Female,18425,900,7.7,30,2.49,Tired
1871,41,Female,5715,412.3,6.1,21,1.64,Happy
1663,21,Male,2394,366.7,4.5,87,2.94,Happy
1130,36,Female,3869,381.4,7.5,29,1.24,Happy
1661,43,Male,4676,393.3,9.9,46,3.85,Neutral
1308,28,Female,4721,408.6,6.9,54,2.26,Neutral
1769,57,Male,6690,448.5,4.8,69,1.89,Tired
1343,28,Male,6818,410.7,7.3,21,2.3,Tired
1491,20,Male,1234,297.4,5.8,36,2.89,Happy
1413,29,Female,4140,362.1,8.6,43,3.12,Tired
1805,20,Female,9638,497.6,6.7,76,2.31,Neutral
1385,59,Male,13897,781.2,4.3,35,1.49,Tired
1191,44,Male,18383,900,7.8,55,1.65,Tired
1955,19,Female,18718,900,7.3,0,2.7,Neutral
1276,33,Female,9325,586.4,6.6,29,3.19,Neutral
1160,19,Male,11624,605.9,5.4,82,3.28,Happy
1459,47,Female,7090,394.1,9.7,62,2.62,Happy
1313,37,Female,12377,758.3,6.3,70,3.18,Happy
1021,55,Female,18495,900,8.3,22,3.84,Tired
1252,45,Female,15870,791.5,6.3,85,3.33,Tired
1747,42,Male,3103,288.1,8,54,3.15,Tired
1856,49,Female,6125,509.9,7.1,88,1.94,Neutral
1560,27,Female,7590,527.2,7,55,3.17,Tired
1474,59,Male,11212,703.3,5.8,0,2.82,Neutral
1058,57,Male,10600,636.3,7.8,20,2.96,Tired
1510,50,Female,3921,315,9.1,61,3.38,Tired
1681,30,Female,5734,518.7,5.4,60,2.75,Neutral
1475,58,Female,17037,861.9,5.8,76,2.43,Neutral
1699,59,Female,1836,313.7,10,39,1.75,Neutral
1975,54,Male,13094,778,5.5,33,2.29,Happy
1782,33,Male,10028,601.4,6.2,71,2.65,Happy
1189,39,Male,11749,614.3,9.1,0,2.69,Tired
1957,37,Female,16432,823.4,9.1,68,2.67,Tired
1686,44,Female,12051,715.9,3.4,49,3.17,Tired
1957,58,Female,16586,890.1,8.1,0,3.11,Happy
1562,33,Female,6312,517.5,6.7,31,2.46,Tired
1875,51,Male,4822,449.8,6.8,50,1.91,Neutral
1566,49,Male,12622,657.2,8.7,56,2.77,Neutral
1243,43,Female,17099,900,6.5,46,4.07,Happy
1831,42,Male,18188,876.2,6.2,43,2.72,Neutral
1504,19,Female,2075,312.7,6.5,60,2.29,Neutral
1130,29,Female,15063,900,6.5,83,2.88,Tired
1484,57,Male,17383,900,7.5,30,2.92,Neutral
1818,26,Female,10605,535.3,9,35,2.91,Neutral
1646,29,Female,5452,401.8,7.6,33,3.46,Happy
1020,43,Male,19047,900,7,66,2.77,Neutral
1840,26,Female,13298,721.6,7.8,49,3.43,Neutral
1166,27,Female,13368,801.1,8.2,43,2.66,Tired
1273,49,Male,8428,489.3,7.9,32,3.56,Tired
1387,51,Female,19437,900,6,28,3.34,Tired
1600,37,Male,16817,861.9,7.6,68,3.15,Happy
1315,56,Female,3420,434.3,3.8,45,3.05,Tired
1013,19,Male,19912,900,9.3,68,4.11,Neutral
1241,18,Male,5317,318.4,9.3,0,3.25,Happy
1776,53,Male,9412,695.6,8.3,64,1.91,Neutral
1345,41,Female,17321,900,8.9,40,2.67,Neutral
1564,44,Male,1227,281.8,6.9,48,2.31,Tired
1897,19,Male,19721,900,5.9,0,3.95,Happy
1339,48,Male,12456,711.1,5.1,61,3.38,Happy
1091,31,Male,1955,279.2,8.5,60,3.92,Tired
1366,19,Male,18881,900,5.9,67,1.97,Happy
1955,46,Female,10472,652.3,6.4,62,3.27,Neutral
1454,32,Female,2978,233.8,7.3,27,1.54,Happy
1427,29,Female,18913,900,6.9,82,1.39,Neutral
1508,54,Female,13675,807.6,7.4,82,2.22,Happy
1775,45,Female,17128,848.8,4.3,25,3.56,Happy
1942,37,Female,16668,842.1,6.6,71,1.81,Tired
1034,56,Female,8445,542.3,8.2,40,2.49,Tired
1205,41,Male,5284,392.8,6.4,33,3.33,Happy
1080,38,Female,18585,900,5.7,77,3.09,Neutral
1931,27,Male,8131,534,8.4,44,4.05,Tired
1561,31,Male,11614,589.2,6.4,75,2.5,Tired
1871,54,Female,1759,233.6,7.3,28,2.19,Tired
1387,35,Male,14684,745.2,6.7,55,1.73,Happy
1001,41,Male,10680,604,7,76,2.24,Neutral
1389,31,Male,5371,420.4,9.3,24,1.73,Neutral
1565,51,Male,13651,761.4,7.9,26,1.24,Happy
1105,29,Female,2665,188.2,5.2,25,3.87,Neutral
1771,39,Female,7918,568,6.4,71,2.53,Tired
1821,23,Female,11194,643.2,6.4,89,4.31,Neutral
1476,53,Female,12213,632.5,7.3,74,1.91,Tired
1702,53,Female,16745,900,8.4,0,2.2,Tired
1401,39,Female,8636,440.2,7,20,1.96,Happy
1729,31,Female,18749,871.2,7,56,2.05,Tired
1555,33,Female,8344,640.2,3.7,68,3.11,Neutral
1161,53,Female,4201,375.4,9,31,2.9,Neutral
1201,42,Female,5752,393.2,6.7,24,3.11,Neutral
1957,49,Male,10575,628.4,7.4,89,3.44,Neutral
1995,50,Female,11327,644,7.4,0,3.28,Neutral
1269,53,Male,16891,877.4,5.8,0,1.79,Tired
1862,37,Male,14029,785.6,6.6,74,2.13,Happy
1815,35,Male,7091,473.7,5.8,69,2.59,Happy
1270,55,Male,18905,900,9.1,72,5,Neutral
1455,20,Female,16866,866.7,3.7,74,3.04,Tired
1461,40,Male,8521,499.8,5.6,22,2.57,Happy
1726,49,Female,16410,801.1,6.5,35,2.97,Neutral
1251,33,Female,19007,900,9.2,64,2.08,Tired
1701,22,Male,6820,505.2,8.1,55,2.68,Happy
1295,21,Female,12453,750,4.5,38,3.17,Tired
1724,38,Male,5696,428,6.8,23,2.48,Neutral
1719,57,Male,2867,326,8.1,78,1.97,Tired
1748,31,Female,16723,860,10,31,2.45,Happy
1337,56,Female,12817,770.6,6.5,82,2.28,Happy
1878,48,Male,1168,229.5,5.2,75,1.55,Tired
1052,31,Female,11213,599.3,7.5,0,2.1,Happy
1791,23,Female,16223,875,6.9,0,1.53,Tired
1921,29,Female,12452,690.5,7.7,43,1.63,Tired
1216,33,Male,9027,573.6,8,45,1.7,Neutral
1763,34,Male,17291,900,7.5,41,3.17,Neutral
1187,40,Female,11641,636.7,7.8,89,3.54,Tired
1379,31,Female,1224,238,9.5,38,1.42,Happy
1492,24,Female,9749,574.4,6.6,53,3.61,Neutral
1040,49,Female,7582,567.6,5.2,0,1.71,Happy
1156,32,Female,2573,303.6,7.5,64,3.02,Tired
1014,34,Male,9577,590.9,5.1,56,2.68,Happy
1812,58,Female,9712,530.7,5.3,42,2.95,Happy
1064,51,Male,7763,547.1,5.8,59,1.68,Tired
1856,22,Female,13164,748,5.1,62,1.23,Neutral
1838,44,Male,6217,406.9,8.8,23,1.94,Neutral
1520,40,Female,17272,900,7.1,34,2.8,Happy
1343,57,Male,13734,766.2,8.1,42,3.87,Tired
1128,31,Female,12353,662.9,7.8,31,1.78,Tired
1647,32,Male,4501,379.9,6.7,87,2.43,Neutral
1471,50,Male,14530,762.8,8.4,0,1.98,Tired
1062,48,Male,13394,813,6.3,71,2.49,Tired
1138,52,Male,2499,346.6,6.7,0,1.15,Happy
1498,34,Male,10669,649.5,5.9,78,3.55,Happy
1592,45,Male,11519,746.6,9.1,77,2.52,Neutral
1391,36,Female,14239,717.6,6.8,78,3.14,Neutral
1674,40,Male,19128,900,7.9,42,2.34,Happy
1418,49,Female,3039,348.9,6.1,20,2.63,Tired
1288,57,Female,9311,560.9,8.3,75,3.29,Tired
1378,30,Female,4857,383,8.2,23,2.59,Happy
1772,37,Female,5950,484.2,4.6,48,2.62,Happy
1489,52,Female,16441,900,7,36,1.94,Happy
1230,22,Male,13735,678.3,7.2,68,2.13,Happy
1040,26,Male,2743,400.5,6.6,70,1.79,Tired
1027,46,Male,14283,828.5,9.1,68,1.98,Tired
1134,23,Female,10638,611.4,5.2,43,3.38,Neutral
1200,42,Male,4616,345.1,6.3,63,3.77,Happy
1839,48,Male,16383,900,5.7,0,1.63,Neutral
1779,39,Male,4894,420.6,8.5,0,2.78,Tired
1929,19,Male,19108,900,5.5,0,2.28,Neutral
1032,22,Male,7227,517.6,4.3,0,3.48,Tired
1047,44,Female,11464,719.3,7.6,50,2.59,Tired
1502,42,Male,8847,596.7,6.8,35,2.49,Neutral
1406,25,Female,5281,384.5,8.6,51,1.98,Neutral
1573,18,Female,19584,900,8.2,61,1.43,Happy
1727,37,Female,3143,343.5,6.9,53,3.03,Tired
1804,40,Female,15780,900,4.8,56,2.75,Happy
1098,49,Female,4181,359.8,5.2,35,2.76,Happy
1683,28,Male,7520,519,4.3,32,2.08,Tired
1871,56,Male,14052,806.8,6.8,85,2.4,Neutral
1725,41,Male,13271,709.9,6,52,3.05,Happy
1986,28,Female,18480,900,6.7,0,3.19,Happy
1546,46,Male,13499,740.7,7.3,56,1.68,Tired
1960,43,Male,9915,659.1,9.8,59,2.06,Neutral
1738,33,Female,17122,837.7,7.9,27,1.53,Neutral
1612,52,Female,12431,812.9,7.1,73,2.64,Happy
1942,37,Female,7918,501.1,4.7,0,3.12,Tired
1461,20,Female,9148,592,7,21,2.3,Happy
1642,18,Male,14038,761.8,8.3,75,2.04,Neutral
1768,18,Female,14805,738.3,7.6,76,2.27,Happy
1004,34,Female,8749,591.6,5.4,0,4.11,Tired
1217,19,Male,3871,341.6,6.4,0,3.33,Happy
1502,46,Male,5489,445.8,7.1,27,3.01,Neutral
1766,37,Female,5607,384,6.4,82,2.72,Tired
1397,23,Male,13973,745.9,6.1,65,2.49,Tired
1870,25,Female,13111,709.7,3.8,86,1.87,Tired
1794,46,Female,6834,500.9,5.8,0,1.76,Tired
1392,50,Male,10912,651.9,7.4,86,2.1,Tired
1206,20,Male,4399,367.1,8.3,61,1.83,Happy
1014,52,Female,19241,900,7.1,83,2.07,Tired
1857,22,Female,8604,559.9,8.6,72,2.43,Neutral
1553,44,Female,11957,688.2,6.9,26,2.48,Tired
1891,29,Male,8731,555.7,5.7,26,2.07,Neutral
1460,37,Female,19780,900,6.3,55,2.85,Neutral
1690,37,Female,16808,899.9,7.7,32,2.37,Neutral
1574,26,Female,3261,426.6,6.6,86,2.65,Neutral
1863,56,Female,12809,708.9,6,0,1.98,Neutral
1742,21,Female,18696,900,4.7,72,2.99,Happy
1240,36,Male,11056,617,5.7,71,2.13,Neutral
1563,55,Female,19689,900,6.4,80,3.63,Neutral
1095,44,Female,1997,263.6,6.1,80,2.34,Neutral
1899,30,Female,16155,822.8,5.5,75,2.43,Happy
1733,30,Female,7353,399.1,9.3,59,2.92,Tired
1484,39,Male,19703,900,7.9,0,3.07,Neutral
1406,45,Male,4207,349.1,10,76,3.14,Happy
1230,39,Male,10275,684.7,4.6,23,3.74,Happy
1748,36,Female,16874,870.1,7.5,45,2.96,Happy
1654,25,Female,4086,395.7,6.3,81,2.45,Tired
1170,25,Male,16973,882.6,7,73,2.13,Happy
1540,59,Male,18105,900,9.8,81,2.41,Neutral
1035,43,Male,15870,784.3,4.4,37,3.54,Neutral
1524,43,Female,2154,345.3,6.1,29,1.53,Neutral
1159,40,Female,17029,862.8,5.9,55,1.93,Tired
1838,30,Male,8167,573,6.1,21,2.35,Happy
1698,45,Male,1016,167.6,3.8,79,1.92,Neutral
1242,26,Male,8097,486.2,8.9,0,2.21,Neutral
1085,37,Female,14165,785.2,9,51,3.76,Neutral
1795,36,Female,19616,900,7.9,88,2.29,Tired
1577,56,Female,12654,729,5,70,2.79,Neutral
1681,29,Male,18830,900,7.4,86,1.34,Happy
1556,32,Male,17205,900,8.3,86,1.73,Happy
1573,48,Female,10657,653.3,7.6,87,3.15,Tired
1952,31,Male,12959,696.7,6.9,75,3.67,Tired
1645,28,Female,12819,693.1,9.1,33,2.65,Tired
1795,43,Male,4083,423.5,5.9,35,2.29,Happy
1027,59,Male,10735,553,6.7,0,2.85,Tired
1619,44,Male,7952,546,7.9,0,0.68,Tired
1555,28,Male,15637,769.7,7.5,32,2.66,Happy
1339,55,Female,10463,674,7.8,0,1.77,Neutral
1797,51,Male,6391,434,7.8,45,3.06,Tired
1957,36,Female,15468,845,7.8,32,0.97,Neutral
1330,23,Female,16091,845.5,6.5,87,2.06,Neutral
1639,55,Female,15964,769.2,6,52,2.47,Neutral
1505,59,Male,9964,630.6,7.2,0,1.97,Neutral
1347,45,Female,8914,520.5,9.3,36,2.24,Tired
1472,18,Female,15476,859.1,7,25,3.13,Tired
1230,52,Female,17866,864.5,7.9,0,2.48,Tired
1189,57,Male,8437,549.6,7.2,52,1.85,Happy
1224,25,Male,12371,696.8,10,73,3.16,Happy
1384,24,Female,10773,600.8,6.8,35,2.68,Neutral
1376,28,Male,6203,517.1,7.9,65,2.7,Happy
1282,56,Female,16430,858.9,5.9,43,1.88,Neutral
1957,21,Female,13462,717.4,5.3,24,0.72,Neutral
1632,42,Male,10033,616.3,7,86,1.87,Tired
1627,29,Female,19256,897.5,8.8,69,1.79,Tired
1972,43,Male,16754,900,8,60,2.07,Happy
1744,55,Male,4320,318.5,3.9,0,1.91,Tired
1258,29,Female,15979,866.7,8.1,0,2.58,Happy
1358,54,Male,3728,352.2,4.7,0,3.12,Tired
1709,41,Male,18338,900,8.3,0,3.25,Tired
1455,33,Female,2595,312.7,7.8,69,3.09,Happy
1410,30,Female,3288,299.6,6.8,52,1.87,Neutral
1648,42,Male,7845,420.9,8.1,0,2.54,Happy
1317,21,Male,8663,457.5,6.6,29,3.6,Tired
1676,28,Female,18127,900,7.2,60,1.39,Neutral
1224,49,Male,18878,900,4.8,0,3.44,Tired
1818,24,Male,7944,434.2,6.6,25,1.8,Tired
1233,28,Male,13302,824.5,8.4,52,2.71,Tired
1683,45,Male,11180,701.5,5,35,2.79,Neutral
1663,58,Male,1207,180.8,8.2,43,2.63,Tired
1974,40,Male,2083,229.1,4,79,4.06,Happy
1826,40,Male,19796,900,5.2,30,2.29,Happy
1373,45,Female,4311,387.4,6.5,63,1.35,Happy
1671,43,Female,9588,580.7,7.2,22,2.75,Neutral
1607,42,Female,17592,899,6.1,0,2.38,Happy
1471,46,Female,14444,752.5,6.1,59,2.89,Tired
1232,36,Female,6850,482.9,8.7,38,3.12,Neutral
1691,50,Male,19820,900,8.8,0,2.48,Tired
1112,53,Male,13719,742.4,6.4,72,2.81,Tired
1829,31,Male,17517,867.5,6.4,55,2.6,Tired
1496,31,Male,18022,900,6.6,86,3.75,Happy
1441,52,Female,2228,278.1,10,39,2.24,Happy
1563,47,Male,5019,428.4,7,47,2.02,Neutral
1267,45,Male,10482,614.3,9.4,76,3.12,Neutral
1509,34,Female,15105,858.5,8.1,22,1.85,Happy
1806,20,Male,19580,900,6.8,56,2.77,Happy
1385,33,Male,10895,695.7,6,37,2.38,Tired
1386,47,Female,15135,777.8,8.2,0,2.43,Happy
1112,46,Male,17245,861.7,5.8,24,4.21,Tired
1612,32,Male,11387,699.2,6.4,76,3.36,Happy
1624,42,Male,18359,900,8,0,3.22,Tired
1951,55,Male,15904,834.4,6.6,0,2.87,Happy
1080,59,Male,7121,450.1,6.4,0,2.02,Happy
1698,55,Female,2028,351.6,6.5,41,2.68,Neutral
1112,40,Female,17909,900,6,36,2.91,Neutral
1001,42,Female,3327,327.1,7.7,63,2.64,Tired
1641,59,Female,19930,900,7.1,0,2.57,Neutral
1219,24,Female,18219,894.3,5,41,2.22,Neutral
1565,39,Female,3483,346,6.3,0,2.69,Happy
1854,34,Male,3734,368.7,6.4,20,2.13,Tired
1996,35,Female,10730,586.1,6.4,49,2.99,Neutral
1735,58,Female,11102,581.8,7.9,58,1.09,Neutral
1224,27,Male,8304,536.1,5.9,54,3.45,Happy
1384,27,Male,5049,445.2,10,88,1.58,Happy
1402,24,Female,15947,841.6,9.1,0,1.75,Happy
1637,55,Male,10495,607.3,9.1,30,2.79,Tired
1129,44,Female,1392,199.2,5.4,70,2.88,Happy
1052,50,Male,12776,679.3,4,82,3.95,Tired
1683,18,Female,11867,718.6,6.5,53,2.71,Happy
1729,51,Male,3466,276,7.4,74,2.47,Neutral
1671,21,Male,2225,377.6,6.8,39,2.63,Tired
1709,34,Female,15987,843.7,6.2,77,3.61,Happy
1415,21,Female,1461,179.1,4.4,36,4.2,Happy
1246,43,Female,10993,664.9,6,53,2.37,Neutral
1835,21,Female,12465,721.1,6.6,81,2.88,Neutral
1438,18,Female,17535,879.5,6.3,53,2.45,Neutral
1202,24,Male,11461,705.4,6.2,38,2.43,Happy
1183,47,Female,13366,703.6,5.8,85,3.82,Neutral
1122,26,Female,2785,343,9.5,61,1.85,Neutral
1400,52,Male,7242,487.9,8.1,70,0.87,Tired
1766,25,Male,15312,798.3,8.4,68,2.72,Tired
1293,41,Female,7356,561.4,7.4,48,3.34,Tired
1279,36,Male,19220,900,5,49,2.65,Happy
1836,53,Male,10589,568.2,8.1,44,2.85,Tired
1883,44,Female,2493,318.7,9,87,3.03,Happy
1609,49,Male,18932,900,9.2,81,2.58,Neutral
1197,31,Male,6163,515,7.9,57,2.89,Happy
1981,35,Female,10612,579,7,36,2.88,Happy
1906,45,Female,15297,891.7,7,20,1.13,Neutral
1510,46,Male,6704,514.7,7.8,37,2.58,Tired
1751,33,Male,7688,455.1,4.5,82,1.4,Tired
1143,52,Female,16835,883.8,8,65,2.47,Tired
1608,48,Male,19447,900,6.3,38,2.15,Neutral
1200,21,Male,19404,900,10,69,3.22,Happy
1123,54,Male,11341,688.9,6.5,73,2.67,Neutral
1186,34,Female,8353,655.6,7.3,50,2.83,Neutral
1325,56,Male,10142,673.9,7.2,84,2.37,Neutral
1463,43,Male,16266,858.7,6,65,3.24,Neutral
1348,56,Female,9216,554.6,7.7,0,1.38,Happy
1770,58,Male,16932,893.7,7.5,68,1.87,Tired
1659,21,Male,13017,671.9,8.5,53,3.4,Tired
1763,47,Female,1569,238.9,8.1,48,2.2,Neutral
1954,47,Female,6112,346.4,7.3,25,1,Happy
1931,39,Female,2355,315.9,5.8,20,3.52,Neutral
1402,28,Female,9056,545.4,5.8,74,3.25,Happy
1345,19,Male,17086,900,9.5,46,3,Neutral
1962,29,Male,18214,900,7.1,31,2.57,Tired
1510,47,Female,15220,758.3,10,23,3.66,Tired
1146,53,Female,15498,829.9,5.8,71,3.38,Neutral
1147,35,Male,1834,237.7,10,0,3.58,Tired
1863,43,Female,12308,775.1,5.6,71,2.99,Neutral
1710,24,Male,1969,236.6,6.3,0,2.59,Happy
1819,18,Female,1592,240.2,7.7,47,2.22,Happy
1488,43,Male,1254,199.5,8.5,85,1.61,Happy
1928,40,Female,11306,597.2,8,46,2.85,Happy
1935,43,Female,3661,347.9,4.1,74,2.91,Neutral
1639,23,Male,16309,790.1,6.1,73,2.26,Tired
1550,23,Female,9794,582.4,5.3,65,2.93,Happy
1337,25,Male,19223,900,4.9,55,2.27,Tired
1871,41,Male,6905,455,7,40,3.11,Neutral
1640,39,Male,3431,227.1,3.8,68,1.88,Tired
1778,36,Male,8756,616.9,8.5,0,1.76,Tired
1987,54,Male,6353,467.4,8.1,53,2.33,Tired
1952,35,Female,18349,900,9.4,59,3.08,Neutral
1472,48,Female,2737,297.9,5.4,26,1.69,Neutral
1945,54,Male,17868,900,5.5,71,3.23,Neutral
1150,47,Female,13326,779.9,8.6,68,1.35,Tired
1414,59,Male,13911,808.3,8.7,56,2.33,Happy
1989,50,Female,19411,900,9,81,1.51,Happy
1297,27,Female,6213,379.7,8.7,34,0.67,Tired
1610,54,Female,7227,509.3,7.3,21,2.76,Happy
1262,29,Female,12279,704.5,6.3,0,2.38,Happy
1763,47,Male,16836,846,8.1,0,1.52,Tired
1143,44,Male,9796,551.7,6.3,64,2.14,Neutral
1345,56,Female,17351,900,7.2,87,2.81,Happy
1623,26,Female,18352,900,6.4,0,2.24,Neutral
1571,38,Male,17820,893.3,7.4,65,2.36,Happy
1880,29,Female,11966,762.3,8.9,0,2.22,Tired
1001,46,Male,14967,832.3,6.5,0,2.09,Tired
1896,50,Male,2809,334.1,6.2,86,2.08,Neutral
1303,32,Male,7546,562.8,6.8,23,2.06,Neutral
1253,19,Female,9107,580.8,5.2,44,1.97,Neutral
1651,56,Male,6505,425,8,40,1.79,Neutral
1452,35,Female,6257,430.8,7.2,33,2.23,Tired
1036,20,Male,16051,878.6,6.9,0,2.05,Tired
1159,24,Female,5909,467.6,7.5,67,1.75,Tired
1008,35,Female,15866,857,4.8,70,3.04,Neutral
1232,55,Female,11021,584,9.1,0,3.36,Tired
1098,54,Male,16358,895,6.2,78,2.5,Tired
1658,50,Male,1461,255.2,6.4,0,2.55,Happy
1815,48,Female,16732,899.3,8.3,26,2.02,Happy
1207,28,Female,4233,327.8,7.9,88,3.25,Happy
1130,21,Female,13128,823.4,10,77,3.72,Neutral
1403,35,Male,6202,460.5,5.6,0,2.39,Neutral
1151,21,Male,3939,336.7,5.6,44,2.13,Tired
1053,51,Male,16197,880.2,5.2,61,2.74,Tired
1119,46,Male,14722,831.8,7.2,63,2.59,Neutral
1672,41,Female,13998,791.6,6.6,0,2.15,Happy
1919,39,Female,17472,849.1,6,47,2.83,Tired
1627,19,Male,19047,900,6.9,79,3.16,Happy
1586,23,Male,4301,354.8,5.5,40,1.95,Tired
1624,59,Female,16640,864.8,9.3,68,4.28,Happy
1967,42,Male,17805,801.8,6,75,1.43,Tired
1419,38,Male,17131,862,6.1,76,1.9,Happy
1421,33,Male,5433,393.8,3.4,0,2.66,Happy
1103,48,Male,1265,273.1,4.5,57,4.07,Neutral
1851,31,Male,3850,327.8,6.1,0,2.11,Tired
1253,56,Male,2378,214,6.5,22,1.75,Happy
1226,45,Female,7503,512.3,8.1,62,2.88,Neutral
1111,49,Male,8157,513.8,4.8,54,2.33,Tired
1509,45,Male,11006,603.8,7.7,0,2.97,Neutral
1472,26,Female,1849,278.3,7.9,77,2.45,Happy
1098,39,Female,5814,343.6,8,53,1.9,Tired
1152,49,Female,11000,671,8.6,44,4.14,Happy
1860,22,Male,16288,842.4,5.3,75,0.5,Happy
1913,40,Female,4274,357.6,7.8,51,3.77,Neutral
1895,22,Male,18100,900,9.6,41,3.15,Happy
1877,59,Male,15227,782.3,9.1,0,1.98,Tired
1337,49,Male,18279,900,9.8,40,3.81,Neutral
1705,27,Female,10368,608.2,7.4,40,1.54,Happy
1821,56,Female,12945,878.6,6.1,47,3.21,Happy
1162,32,Female,10968,663.1,3.2,38,1.04,Happy
1719,24,Female,10651,569,5.1,33,1.7,Neutral
1956,46,Female,14903,883.7,6.2,43,1.7,Tired
1680,20,Male,19927,900,6.5,39,1.97,Neutral
1995,36,Male,8771,553.1,5.8,51,2.51,Happy
1160,27,Male,14460,756.5,7.5,71,1.92,Neutral
1579,45,Male,5637,359.2,7.3,0,1.07,Happy
1800,46,Female,13922,778.4,7.1,71,2.82,Neutral
1397,32,Female,9066,528.9,8.2,0,2.53,Happy
1276,52,Male,4553,338.1,6.3,0,2.79,Neutral
1815,23,Female,2349,332.7,8.6,89,2.62,Happy
1915,29,Female,3986,436.7,5.2,34,3.17,Happy
1503,55,Male,12522,677.1,6.5,66,2.45,Neutral
1895,30,Male,3122,365.2,7.5,29,3.21,Neutral
1391,46,Female,14892,806.3,4.1,0,1.96,Happy
1134,36,Female,9689,605.5,6.2,38,2,Tired
1194,20,Male,15062,761.5,8.1,87,3.46,Happy
1400,25,Male,2363,283.9,6.4,41,3.45,Happy
1639,25,Male,17691,852.8,4.3,82,2.9,Tired
1032,37,Female,3751,288.9,5.7,57,1.88,Happy
1687,21,Male,8782,577.2,5,34,1.82,Neutral
1459,38,Male,18648,900,7.7,0,3.43,Neutral
1954,20,Female,13540,695.8,7.2,63,3.39,Tired
1882,25,Female,14223,708.4,4.7,49,2.46,Happy
1469,40,Female,6339,377.9,4.5,43,4.14,Neutral
1374,33,Female,6848,376.1,5.9,0,2.82,Happy
1021,30,Female,17877,900,7,23,1.72,Tired
1749,20,Male,19405,844.8,6,25,2.31,Neutral
1669,26,Male,19131,900,7.5,57,2.5,Tired
1037,31,Female,16861,897.7,7.5,45,2.56,Happy
1229,30,Female,14465,773.6,7.8,0,3.38,Happy
1364,24,Female,4302,375.8,4.9,0,1.83,Happy
1562,32,Female,15437,803.2,6.6,87,1.57,Tired
1437,24,Female,16162,857.7,8.6,88,2.92,Neutral
1775,55,Male,15512,831.2,6,66,2.15,Tired
1282,51,Male,6022,506,5.8,48,4.2,Neutral
1026,58,Male,11471,735.5,6.3,83,3.16,Happy
1225,39,Male,7155,561.3,6.2,31,2.13,Happy
1276,41,Female,6254,410.3,7.2,30,3.35,Tired
1797,54,Male,5354,452,6.1,27,3.01,Neutral
1608,18,Female,3516,365.9,4,79,2.94,Happy
1283,27,Female,16872,842.4,8.8,45,2.41,Happy
1878,33,Female,11156,601.9,7.8,51,2.79,Tired
1959,25,Male,9838,574.7,7.2,58,1.03,Tired
1480,42,Female,13734,696.3,6.9,23,3.42,Neutral
1452,29,Male,12022,611.4,6.5,63,0.5,Happy
1828,42,Male,6208,473.2,5.8,54,2.19,Neutral
1815,34,Female,17578,900,4.2,70,1.38,Neutral
1658,43,Female,14725,790.4,9.4,0,2.15,Neutral
1515,31,Female,10337,659.8,7,0,2.45,Tired
1546,58,Male,11701,658.2,4.6,0,1.66,Neutral
1191,53,Female,11275,692.5,5.5,79,0.56,Neutral
1048,40,Male,7210,451.5,7.5,34,2.64,Neutral
1511,23,Female,12544,664.5,7.4,0,3.96,Tired
1016,22,Female,17327,893.8,5.9,69,2.25,Tired
1171,42,Male,15041,900,5.4,74,3.17,Happy
1219,35,Male,17705,900,6.1,31,3.55,Tired
1157,30,Male,11479,714.1,4.1,69,1.17,Tired
1476,31,Male,12323,624.3,6.3,81,2.18,Neutral
1045,45,Male,13937,764.7,6.3,24,1.61,Happy
1372,35,Male,2702,349.1,9.3,46,1.94,Tired
1517,45,Female,11404,760.4,6.3,0,3.69,Happy
1098,44,Female,1830,189,7.4,54,2.66,Neutral
1891,49,Male,9380,611.7,9.4,32,3.05,Tired
1744,26,Female,1091,296.9,5.4,63,2.47,Neutral
1036,57,Male,4877,417.7,6.1,65,1.65,Neutral
1279,49,Female,11103,576.6,6.2,87,2.97,Happy
1348,37,Female,19720,900,4.5,0,3.38,Tired
1496,45,Male,8676,568.5,6.6,20,2.72,Happy
1301,50,Male,2580,312.1,8.7,30,2.84,Neutral
1180,21,Male,16787,837.2,8.3,69,1.64,Tired
1606,51,Female,10600,583.6,8.8,28,2.99,Neutral
1098,20,Male,16412,879.3,6,57,3.44,Happy
1699,43,Female,1473,225.1,5.3,32,2.78,Happy
1992,25,Male,12624,672.3,10,24,1.24,Neutral
1115,23,Female,17653,899.1,7.3,44,3.64,Happy
1190,33,Female,18077,900,4.6,29,1.84,Happy
1252,41,Male,13663,798.5,10,24,2.77,Neutral
1980,56,Female,18799,892.2,6.9,41,3.17,Tired
1927,47,Female,15517,755.9,3,61,3.26,Tired
1982,30,Male,19467,900,9.2,39,1.24,Tired
1160,22,Female,18619,854.8,3.5,47,2.58,Neutral
1255,42,Male,4967,428,7.4,40,2.54,Neutral
1322,37,Male,14211,668.8,8.3,0,3.51,Happy
1127,35,Male,7634,540.7,8,88,2.82,Tired
1017,35,Male,1840,329.1,9.3,56,3.51,Happy
1792,19,Female,2461,311.4,8.5,68,2.88,Neutral
1734,27,Female,16405,763.3,9.8,0,2.45,Tired
1565,29,Female,16003,845.4,6.9,52,2.64,Neutral
1569,30,Male,4472,339,6.4,64,3.57,Happy
1322,28,Female,16847,813.8,6.5,0,1.59,Happy
1871,36,Female,7575,532,9.1,25,3.13,Neutral
1685,52,Male,5843,472.1,6,0,2.06,Neutral
1791,56,Male,8739,613.8,8.3,34,1.91,Tired
1625,43,Female,15852,819.8,5.7,28,3.22,Neutral
1287,31,Male,17324,900,5.7,80,1.88,Happy
1942,41,Male,19893,900,8.8,75,2.76,Happy
1853,58,Male,10157,711,7.7,24,2.16,Neutral
1662,18,Male,19422,900,3.8,45,0.85,Neutral
1961,39,Female,15516,803.1,5.7,76,2.83,Tired
1638,40,Male,13432,737.6,3.1,54,2.59,Happy
1154,36,Male,19234,900,6.4,0,1.16,Happy
1489,35,Male,8432,572.6,6.6,40,2.01,Happy
1385,29,Male,19837,900,6.3,0,1.24,Neutral
1985,45,Male,16148,862,8.8,0,3.01,Happy
1784,45,Male,12194,704.1,7.6,0,3.47,Neutral
1103,50,Male,15819,851.9,10,0,3.09,Tired
1928,36,Male,7625,453.9,7.8,42,3.19,Neutral
1392,45,Female,8404,548.5,7.8,58,2.14,Tired
1810,54,Male,15674,900,7.4,41,2.88,Tired
1245,43,Female,11507,637.4,6.6,74,2.49,Neutral
1175,52,Male,19697,900,6,50,2.63,Tired
1038,51,Male,5623,332.8,6.6,66,3.17,Neutral
1476,52,Male,8015,533.2,6.7,0,3.32,Happy
1681,57,Male,16261,861.3,6.9,67,2.23,Neutral
1758,33,Female,8782,557.1,8,58,1.51,Tired
1537,55,Male,6214,485.1,7.5,40,2.37,Tired
1866,30,Male,7938,503.6,6.2,34,2.35,Happy
1817,40,Female,3988,418.3,5.9,64,2.7,Neutral
1920,39,Female,6156,402.1,7.3,38,3.08,Happy
1407,33,Male,6512,532.6,5.6,72,1.16,Tired
1524,45,Female,10788,642.2,6.4,74,2.03,Neutral
1827,52,Female,15185,803.8,6.2,68,1.83,Tired
1505,25,Female,19734,900,10,80,3.38,Neutral
1902,39,Male,10971,583.4,5.1,79,2.35,Happy
1824,38,Male,11640,683.1,5.8,43,2.14,Happy
1035,43,Male,7487,463.6,6.2,0,2.88,Tired
1684,57,Female,14688,837.3,6.3,80,2.08,Happy
1019,38,Male,13452,752.5,8.5,42,2.49,Happy
1320,42,Female,16372,783.6,6.6,0,3.77,Tired
1775,58,Male,12999,758,5,30,3.75,Tired
1511,18,Male,14434,769.2,9.1,61,2.21,Tired
1399,23,Female,13416,734.4,7.4,44,2.37,Neutral
1653,40,Male,14945,850,7.6,53,2.07,Tired
1971,40,Female,2017,211,8,41,1.15,Neutral
1882,40,Female,5690,371.4,5.2,21,3.23,Tired
1470,49,Male,9373,591.2,7,70,4.19,Neutral
1142,47,Female,15378,730.2,8.2,35,2.19,Tired
1091,30,Male,19835,900,6,30,1.93,Neutral
1353,35,Male,19336,900,7.5,88,2.31,Happy
1833,40,Female,5700,422.6,7.8,81,2.56,Tired
1799,32,Male,14901,727.3,4.8,38,1.71,Tired
1726,50,Female,1660,275.9,5.5,0,2.18,Neutral
1958,38,Male,18699,900,3.6,0,3.21,Happy
1853,56,Male,8381,500.1,7.3,42,2.59,Happy
1050,40,Male,3919,534.6,9.8,79,3.39,Neutral
1664,44,Male,19456,900,6,37,2.76,Tired
1697,35,Male,19403,900,6.7,74,1.74,Happy
1574,41,Female,11932,722.2,8.5,37,2.1,Tired
1189,57,Female,1815,258.1,7.4,46,2.67,Neutral
1124,59,Female,15510,794.5,5.5,20,1.71,Tired
1149,24,Female,13289,746.5,9.3,33,1.62,Happy
1313,37,Female,5734,454.8,7.3,0,1.67,Neutral
1569,44,Female,3753,396.4,6.7,52,2.86,Happy
1341,23,Male,7505,571.4,6.8,55,2.24,Tired
1304,44,Male,12559,761.7,7.9,58,3.33,Tired
1691,26,Female,15905,879,6.1,64,1.87,Neutral
1681,48,Female,5685,475.4,9.4,44,0.78,Happy
1837,38,Male,17585,900,8.9,34,2.41,Happy
1782,43,Male,18388,900,7,39,3.65,Happy
1053,57,Male,18696,868.6,7.1,0,2.52,Neutral
1443,30,Female,19409,900,5.7,77,1.54,Tired
1612,40,Female,12765,779.4,6,79,1.36,Tired
1992,37,Female,5221,368.7,5.3,49,3.34,Tired
1263,54,Male,16327,833.5,6.7,32,1.93,Happy
1052,45,Male,4671,383.8,7.1,86,3.58,Neutral
1571,34,Female,5941,447.1,4.6,0,2.96,Happy
1619,45,Female,13466,710.9,8,59,1.96,Neutral
1004,58,Male,18988,900,5.7,57,3.32,Happy
1102,19,Male,19286,900,7.6,66,1.85,Neutral
1195,42,Male,13191,627.1,8.2,48,1.49,Happy
1773,58,Male,5588,427.3,9,53,1.89,Happy
1876,23,Female,11811,653.3,8.6,30,3.04,Neutral
1991,28,Male,19733,900,9.5,39,3.3,Tired
1883,55,Male,8928,585.3,8.2,39,2.22,Tired
1349,23,Male,16325,868.6,7.3,75,1.19,Neutral
1046,28,Female,8120,533,6.3,42,1.41,Neutral
1866,31,Female,15274,841.5,6.8,44,1.75,Tired
1822,19,Male,5719,444.8,9.4,0,1.59,Happy
1935,57,Male,9081,526.3,6.7,50,2.69,Tired
1819,20,Male,15550,858.1,7,20,3.86,Neutral
1655,52,Female,17354,900,9.2,73,3.06,Happy
1268,50,Female,11864,620.3,6.7,35,1.71,Neutral
1369,41,Female,17931,900,5.8,78,2.01,Tired
1635,36,Male,13624,730.8,8.7,85,2.15,Happy
1105,35,Female,4361,405.1,5.8,22,2.77,Tired
1669,41,Male,14707,795.9,7.6,34,3.6,Tired
1658,52,Male,2924,308.4,7.3,51,2.17,Tired
1656,18,Male,13647,772.8,7.5,69,3.58,Happy
1119,53,Female,7681,490.6,3.4,79,3.97,Tired
1830,42,Male,3701,402.1,8.2,27,2.26,Happy
1786,51,Female,15175,869.2,6.9,26,2.24,Tired
1603,42,Female,11122,617.5,7.9,23,2.25,Tired
1057,33,Male,17805,900,7.8,29,2.54,Neutral
1950,51,Male,17719,890.1,7.5,79,2.25,Tired
1345,46,Female,10718,647.5,6.4,44,3.12,Happy
1740,36,Male,1056,307.7,6.4,61,1.42,Neutral
1473,40,Female,14973,715.5,6.9,0,2.13,Happy
1116,36,Male,16352,783.2,7.3,51,2.73,Tired
1829,42,Female,16052,837.9,6.4,0,3.11,Neutral
1790,33,Female,4147,375.2,8.4,0,4.04,Neutral
1126,26,Female,4537,334.4,6.5,68,1.6,Neutral
1392,18,Female,1721,277.9,5.5,35,2.04,Happy
1907,59,Male,13269,693.7,7.9,57,0.91,Neutral
1640,36,Male,17769,888.4,9.8,24,1.72,Neutral
1057,50,Female,8426,600.5,5.2,26,1.26,Happy
1633,51,Female,14788,774.4,6.8,27,2.14,Happy
1512,33,Male,15007,782.2,8.6,52,2.34,Happy
1750,57,Male,12079,689.7,7.9,81,2.83,Tired
1801,35,Male,15346,868.5,7.9,51,2.29,Happy
1095,51,Male,8115,522.4,7,0,2.83,Happy
1637,42,Male,11911,648.5,3,39,2.58,Neutral
1117,23,Male,1259,279.3,7.4,74,1.78,Tired
1559,38,Female,9791,632.3,7.6,82,1.32,Neutral
1600,23,Male,8536,598.7,8.7,25,2.91,Happy
1487,49,Male,9947,596.1,5.9,71,3.65,Happy
1236,58,Female,12769,734.5,9.5,21,4.27,Neutral
1884,56,Male,11950,717.5,6.5,58,3.15,Tired
1896,48,Male,17860,900,6.3,51,3.52,Tired
1271,59,Male,6283,517.3,5.9,70,2.82,Neutral
1188,27,Male,10791,664.2,8.6,88,2.71,Happy
1998,47,Male,3359,428.5,5.4,51,2.58,Tired
1703,35,Female,8405,582.1,7.9,0,2.43,Tired
1446,41,Male,18645,849.5,5.8,81,2.92,Neutral
1580,26,Female,15357,794.4,6.9,32,2.14,Tired
1789,48,Female,7323,412,4.7,89,2.4,Happy
1860,32,Male,6937,445.5,8.2,40,1.68,Neutral
1246,21,Female,18966,900,6.8,80,2.83,Tired
1962,57,Male,12030,724.6,7.8,33,1.83,Happy
1075,26,Female,18882,900,6.7,41,2.52,Happy
1153,26,Female,14003,829.8,7.8,51,2.85,Neutral
1655,43,Male,11578,629.7,6.9,60,2.91,Neutral
1434,21,Male,13979,744.7,8.1,51,3.04,Happy
1996,34,Male,3209,266.4,7.8,61,2.35,Happy
1085,33,Male,13060,794.6,7.3,0,2.84,Tired
1696,32,Male,8228,608,5.6,73,2.16,Tired
1284,52,Female,10300,605.4,6.3,81,1.12,Tired
1973,22,Female,9681,513.2,5.8,62,2.87,Tired
1219,22,Female,9196,557.4,9.1,0,2.71,Tired
1068,37,Female,9267,582.3,8.2,57,3.21,Neutral
1046,32,Female,6372,423.1,7.1,58,2.48,Tired
1093,35,Female,7150,603.5,6.2,89,1.38,Tired
1749,19,Female,11920,768.1,5.8,64,2.44,Tired
1957,46,Male,17001,792.6,7.2,65,3.12,Happy
1452,30,Male,17856,856.5,9.8,0,2.83,Tired
1203,21,Female,16147,868.8,7,71,2.4,Neutral
1911,59,Female,18221,875.2,8.8,28,1.34,Happy
1217,27,Male,2186,296.6,7.4,76,1.78,Happy
1473,48,Male,7461,499,7.8,88,2.83,Tired
1431,58,Male,18865,900,6.3,62,1.33,Happy
1340,25,Male,12464,749.5,6.7,26,2.28,Tired
1550,20,Female,15052,892.5,5.8,0,2.53,Tired
1611,26,Male,8332,553.1,7.5,63,3.3,Tired
1288,47,Female,17615,844,6.6,87,2.93,Neutral
1253,28,Female,1327,260.3,7.5,63,3.17,Happy
1733,52,Female,6239,420.4,5.5,59,2.71,Happy
1356,54,Male,18333,900,7.7,62,1.91,Happy
1022,59,Male,11078,677.8,7.3,81,2.07,Happy
1761,30,Female,8038,541.6,7.2,62,1.85,Happy
1521,53,Female,9048,594.4,7.6,38,2.91,Tired
1757,30,Female,15954,836.2,6.6,68,2.01,Tired
1836,29,Male,3297,394.5,10,84,2.22,Tired
1099,54,Female,18691,900,7.7,44,2.52,Neutral
1801,27,Male,13703,796.1,7.2,60,3.65,Neutral
1179,26,Female,3779,430.8,8.1,42,2.96,Neutral
1222,24,Female,14706,747.5,6.2,77,1.96,Neutral
1905,19,Female,14225,785.9,6.2,62,2.61,Happy
1761,40,Male,8318,553.5,8.2,59,3.66,Neutral
1658,56,Male,14531,727.5,8.3,49,2.93,Happy
1441,57,Female,6335,385,8.8,53,1.38,Happy
1607,56,Male,10530,575.4,4.9,29,1.86,Happy
1768,38,Female,8502,537.5,6.8,79,1.81,Tired
1324,40,Male,2649,326.9,7.5,20,3.51,Tired
1515,46,Male,14472,760.4,8.1,31,3.38,Happy
1015,31,Male,3862,451,7.8,65,2.06,Neutral
1791,43,Female,1917,328,5.7,36,2.05,Happy
1335,22,Male,13444,760.4,7.8,77,2.53,Tired
1758,48,Male,9353,552.6,7.5,0,2.55,Neutral
1257,42,Female,6449,461.5,7.5,25,1.83,Tired
1496,48,Female,3811,407.5,5.4,81,2.33,Neutral
1987,37,Female,4421,422.8,5.6,29,1.48,Tired
1895,34,Female,10290,657.1,9.7,45,3.39,Happy
1159,19,Male,3721,333.7,8.5,77,1.27,Tired
1474,42,Male,11892,649.5,6.9,36,1.26,Neutral
1851,30,Male,16256,778.9,6.9,72,2.8,Tired
1663,56,Male,1788,297.9,10,24,1.63,Neutral
1907,45,Male,17640,829.7,7.1,86,2.15,Tired
1689,59,Female,5025,400.2,6.8,0,2.54,Tired
1674,23,Male,7741,488.6,5.8,0,2.97,Happy
1379,20,Male,4654,397.3,6.6,65,2.35,Neutral
1544,52,Male,14580,841.5,4.5,86,3.75,Neutral
1928,35,Female,8660,614.1,7.8,22,2.5,Happy
1956,28,Female,4251,405.2,8.9,42,3.33,Tired
1690,37,Male,6268,412.5,8.9,0,2.69,Neutral
1426,22,Female,12781,710.1,5.9,0,3.99,Neutral
1612,36,Female,14489,735.9,3.6,66,3.24,Neutral
1267,39,Female,16131,812.5,7.5,0,2.53,Happy
1834,36,Female,8562,566.6,9,63,2.94,Happy
1576,33,Female,16987,830.8,4.6,32,2.32,Neutral
1416,41,Female,15391,792.9,6.4,27,2.31,Tired
1167,58,Female,3152,272.6,7.5,82,1.59,Tired
1841,21,Male,9738,622.4,5.7,41,1.93,Happy
1042,32,Male,8888,537.5,4.4,57,3.94,Tired
1555,42,Female,11096,533,5.9,46,1.66,Happy
1284,52,Male,6474,540.6,6.1,0,2.04,Neutral
1396,31,Male,1488,310.2,4.2,42,2.43,Neutral
1011,36,Female,19206,867.5,8.6,84,2.46,Neutral
1606,55,Male,6622,501.6,9.3,66,2.77,Happy
1301,53,Female,4774,467.1,7,80,2.17,Tired
1897,24,Female,7446,488.5,8.1,65,2.81,Neutral
1252,47,Female,9572,590.3,4.8,23,3.3,Tired
1498,36,Male,8833,537.4,6.8,50,3.39,Tired
1753,42,Male,11258,676.3,6.1,23,2.31,Happy
1034,33,Male,13416,788.3,7.6,48,2.93,Happy
1726,57,Male,5887,375.9,3,63,1.7,Tired
1848,25,Female,17605,868.9,6.5,0,1.99,Tired
1089,35,Female,16684,872.4,7.9,78,1.68,Neutral
1775,45,Male,1617,280.2,7.4,72,2.47,Neutral
1604,33,Female,14636,805.8,8.2,30,1.9,Neutral
1921,36,Female,3570,333.2,6.1,25,1.44,Tired
1969,59,Male,7309,448.3,3,66,2.23,Happy
1601,34,Female,3790,400.9,8.6,0,1.29,Tired
1417,30,Male,8826,492,8.1,87,3.43,Neutral
1114,24,Female,13134,700.7,9.4,0,2.11,Neutral
1616,44,Male,5054,403.1,7.1,0,3.19,Happy
1902,27,Female,17090,900,7.6,62,2.16,Tired
1195,51,Female,8681,532.6,10,0,1.66,Neutral
1825,53,Male,16569,900,4.2,48,3.32,Happy
1500,42,Male,7508,562.9,7.7,37,2.56,Neutral
1625,23,Male,17608,873.2,8.8,0,3.82,Happy
1492,41,Male,11433,676.9,7.3,25,2.17,Tired
1074,35,Female,13344,746.1,7.1,35,2.19,Happy
1412,40,Female,12888,698.5,4.8,20,3.2,Tired
1375,23,Male,4827,297.8,9.2,41,3.21,Tired
1419,46,Female,18787,900,8.6,65,2.61,Neutral
1728,42,Male,17257,900,8.9,81,4.83,Tired
1276,34,Male,17793,900,7,42,2.3,Neutral
1760,41,Female,2916,299.9,6.5,40,1.61,Neutral
1675,28,Female,3859,321,7,70,1.8,Tired
1393,43,Male,8072,477.2,9.5,57,2.31,Happy
1868,51,Male,16523,711,6.6,47,3.56,Tired
1456,45,Male,3051,301.8,9.2,63,2.37,Tired
1919,20,Female,9214,706.9,6.8,58,3.6,Happy
1191,28,Female,3968,422.3,5.7,61,2.8,Neutral
1738,55,Female,9936,547.8,3.9,61,3.26,Neutral
1688,31,Female,1601,238.3,7.9,79,2.77,Tired
1098,43,Male,16451,832,8.2,76,2.77,Happy
1547,38,Male,14257,840.2,5.3,26,3.03,Happy
1977,56,Male,6274,562.2,9.2,70,2.1,Happy
1998,47,Male,19226,900,4.9,51,2.11,Happy
1095,25,Male,11866,687.8,8.1,26,2.74,Tired
1663,37,Male,13368,760.7,8.1,59,3.86,Tired
1662,49,Female,9674,586.2,8.6,34,1.42,Neutral
1189,39,Female,16462,872.6,4,78,1.08,Happy
1735,24,Male,12503,702.5,8.6,31,2.32,Tired
1036,26,Male,16624,888.9,6.8,61,3.22,Tired
1779,18,Female,15370,714.7,6.5,58,2.54,Happy
1368,46,Female,6368,430.7,8.2,0,1.68,Happy
1694,25,Female,13567,683.5,8.4,21,2.56,Neutral
1524,21,Female,4825,427.5,4,48,1.29,Happy
1278,52,Male,11391,616.4,5.1,80,2.94,Neutral
1216,20,Male,10874,556.7,8.8,48,2.28,Neutral
1866,57,Male,4608,294.9,7.7,57,2.44,Happy
1872,24,Male,7878,537.6,7.3,0,2.8,Happy
1797,44,Male,2018,234.3,5.5,49,2.64,Tired
1272,18,Female,18695,900,7.7,75,2.12,Happy
1880,44,Male,10610,703.5,8.8,55,3.22,Happy
1061,33,Female,3500,358.8,10,61,3.06,Neutral
1595,55,Male,3667,321.2,6.5,23,1.26,Happy
1879,24,Male,10578,564.4,8.3,24,2.34,Tired
1728,40,Male,6230,470.9,9.8,0,1.74,Tired
1341,58,Male,11255,643.7,4.8,21,1.61,Happy
1396,28,Male,5834,462.3,9.7,73,2.87,Happy
1698,59,Female,2546,182.7,7.3,78,2.21,Neutral
1018,50,Female,16050,898.9,7.1,52,2.4,Happy
1176,53,Female,16049,756.3,6.2,41,2.03,Neutral
1611,54,Male,19529,900,6.5,0,2.76,Happy
1395,58,Male,19547,900,5.9,25,2.97,Neutral
1444,34,Female,16640,753.9,5.6,43,4.02,Tired
1232,52,Male,15284,807,7.7,68,2.37,Happy
1914,22,Male,4423,363.2,8.7,70,1.49,Happy
1075,49,Female,3332,331.8,5.4,60,2.15,Neutral
1264,20,Male,7066,500.5,6,0,3.09,Neutral
1454,52,Female,19040,900,7.4,21,1.96,Happy
1795,31,Male,7038,414.5,5.3,62,1.46,Neutral
1717,48,Female,9583,588.2,7.4,51,1.97,Happy
1734,48,Male,6289,450.6,6.6,31,2.13,Tired
1383,34,Male,1296,248.8,4.5,42,1.74,Neutral
1563,41,Female,18470,900,7.7,0,2.65,Happy
1850,40,Male,6194,514.6,6.2,63,2.44,Tired
1505,35,Male,6805,563.6,8.5,21,3.05,Happy
1366,31,Female,13797,769.1,6.7,26,2.19,Happy
1143,32,Male,17879,900,5.9,40,2.89,Tired
1884,32,Female,3995,317,7,77,2.16,Neutral
1068,23,Male,17477,881.1,8.9,42,1.71,Tired
1098,44,Male,13912,727.5,9.8,79,2.12,Happy
1395,32,Male,7393,470.9,7.9,44,1.37,Tired
1024,53,Male,1720,270.9,6.1,54,3.75,Happy
1947,25,Female,7325,503.2,7,64,2.6,Tired
1890,32,Male,13554,763.7,6.9,26,1.94,Neutral
1468,20,Female,6099,531.2,6.8,88,2.24,Tired
1483,30,Male,13568,666.5,6.6,0,0.78,Tired
1564,58,Male,5026,340.8,5.6,72,3.5,Neutral
1150,51,Male,13247,607.8,8.5,88,3.44,Happy
1143,41,Male,6057,400.2,8.3,44,2.58,Tired
1568,57,Female,18490,900,7,21,2.72,Happy
1038,49,Female,6305,417.3,8.9,80,1.61,Tired
1108,49,Female,12914,659.6,7.9,0,1.66,Neutral
1692,47,Female,7674,511.4,5.3,70,1.31,Tired
1041,30,Male,10563,603.2,6.5,21,2.39,Happy
1185,18,Female,16316,808.4,9.2,64,3.24,Happy
1934,51,Female,17217,896.2,6.5,51,2.23,Neutral
1397,32,Male,3005,291.5,6,51,2.74,Happy
1222,31,Male,13741,807.5,8.1,27,3.19,Neutral
1633,46,Male,15602,815.9,6.6,39,1.36,Neutral
1132,51,Male,13603,726.6,7.8,84,3.79,Happy
1162,35,Female,14987,812.6,6.9,40,3.31,Happy
1214,24,Female,18147,825.6,5.8,26,2.86,Neutral
1732,46,Male,14543,842.4,6,28,3.15,Happy
1234,48,Male,10144,645,4.5,21,3.18,Neutral
1842,42,Male,12114,644.9,5.3,38,2.7,Tired
1657,55,Female,6691,411.1,7.9,79,3.5,Happy
1750,31,Female,8059,471.9,8.8,0,2.18,Happy
1587,25,Male,5479,348.7,6.1,78,2.82,Neutral
1008,44,Male,5198,323.1,4.9,0,3.43,Tired
1073,19,Female,10091,531.5,8.7,0,0.62,Tired
1953,34,Male,16068,710.4,8.8,81,2.81,Happy
1491,54,Male,5205,390,8.1,29,3.01,Neutral
1912,31,Female,4641,378.8,4.8,84,1.3,Neutral
1252,42,Male,4543,445.8,7.8,45,2.7,Happy
1229,47,Female,16424,900,7.8,79,1.94,Tired
1518,46,Male,6591,426.9,8.4,37,2.78,Neutral
1173,37,Male,12833,700.9,7.2,78,2.43,Neutral
1652,38,Female,7116,539.8,5.9,0,1.84,Happy
1167,39,Female,1761,248,6.4,65,3.28,Happy
1169,52,Male,3407,344.8,8.8,31,2.21,Tired
1392,54,Female,1885,245.1,7.6,51,2.69,Tired
1945,33,Male,3643,347.7,5,58,3.42,Neutral
1794,34,Male,12125,689.2,9.6,74,1.86,Happy
1633,33,Female,2468,281.3,8.7,74,2.51,Happy
1193,19,Male,14366,827.9,9.5,29,2.15,Happy
1516,21,Male,8015,477.4,8.7,54,2.31,Tired
1028,38,Female,7323,498.7,5.6,25,4.01,Tired
1164,56,Female,9935,686.6,7.5,87,2.82,Neutral
1421,51,Male,3428,352.7,7.9,81,2.72,Happy
1338,47,Female,12685,667.6,5,28,2.87,Tired
1647,23,Female,13738,766.9,5.2,48,2.8,Happy
1495,34,Female,10308,733.9,8.1,25,1.22,Tired
1364,56,Female,16879,877.1,8.2,63,4.11,Happy
1832,42,Male,16772,900,10,83,1.47,Neutral
1341,22,Male,11633,665.6,6.6,86,3.71,Tired
1499,22,Male,18738,900,4.5,63,2.93,Tired
1656,37,Female,19864,900,6.8,0,2.63,Neutral
1510,33,Female,12193,636.8,8.3,28,2.29,Neutral
1326,58,Female,18570,900,6.5,42,4.32,Happy
1216,54,Female,16281,790.1,7.2,76,2.92,Tired
1300,57,Female,5087,387.9,6,0,2.51,Happy
1131,26,Female,7228,584.7,8.8,0,2.13,Happy
1803,22,Female,3831,349.6,8.1,0,2.04,Happy
1069,59,Male,19132,900,5.8,26,2.54,Tired
1251,19,Male,12055,694.2,6.2,39,1.85,Neutral
1414,26,Female,14795,764.1,6,83,2.98,Happy
1786,53,Female,8552,547.5,4.2,38,2.05,Tired
1444,39,Female,15605,765.4,5.9,25,3.2,Happy
1875,39,Male,12282,730.3,4.3,70,3.19,Neutral
1181,39,Male,2063,288.8,8.4,0,2.46,Neutral
1166,51,Female,14344,723.7,8.5,84,2.91,Tired
1090,46,Female,16898,893.9,6.6,0,2.94,Tired
1713,55,Male,3732,446,7.3,42,1.48,Neutral
1857,50,Male,2872,275.1,8.6,77,3.71,Tired
1530,35,Male,5720,466.7,8.2,30,2.32,Neutral
1038,24,Male,2969,339.7,10,53,2.99,Happy
1125,18,Female,13155,746.4,7.4,0,3.01,Neutral
1450,50,Male,12870,759.8,9.2,0,0.76,Happy
1172,18,Male,17702,894.2,7.1,65,2.04,Tired
1652,41,Female,4717,396.3,6.8,31,3.09,Happy
1753,21,Male,2374,299.9,8,28,2.54,Neutral
1219,21,Male,9679,544.4,7.8,32,2.98,Tired
1637,35,Male,17834,900,6.1,83,2.56,Tired
1057,44,Female,14427,759,5.8,39,3.36,Neutral
1659,49,Male,2940,409.1,7.1,78,2.58,Tired
1475,50,Female,3367,309.3,4.2,41,3.5,Neutral
1455,45,Female,12428,631.1,6.5,84,1.81,Happy
1828,59,Male,17631,900,5.5,0,2.41,Happy
1894,58,Male,17862,877.3,6.1,60,2.08,Tired
1360,53,Male,13655,685.5,5.8,64,2.77,Neutral
1934,23,Male,8968,578.1,8.2,23,2.3,Neutral
1000,33,Female,17292,900,7.7,89,2.34,Happy
1386,51,Male,15743,866.6,7.1,64,2.01,Happy
1972,40,Male,2368,266.1,6.4,77,2.18,Tired
1347,59,Male,3226,335.5,8.6,42,2.49,Neutral
1189,41,Female,12688,693.2,8.4,51,1.09,Tired
1504,30,Male,4612,467.5,6.8,82,0.89,Tired
1190,35,Male,13199,706.1,9,27,2.54,Tired
1507,30,Female,11034,646.3,6.7,44,0.56,Neutral
1368,54,Female,12569,711.2,7.3,52,2.36,Happy
1408,56,Male,2059,224.3,6.1,85,2.24,Neutral
1823,59,Male,19028,900,6.4,35,2.88,Neutral
1928,34,Male,14115,755.8,6.1,74,2.03,Neutral
1933,32,Male,19195,900,8,55,3.6,Tired
1116,35,Male,3193,337.5,7.6,26,3.09,Tired
1133,40,Female,17551,883.1,5.4,88,1.44,Neutral
1057,47,Female,17128,877.9,7.8,27,2.3,Tired
1555,51,Male,5182,403.9,9.7,22,3.57,Tired
1684,21,Male,19928,900,6,0,2.01,Happy
1671,20,Female,4868,441.1,5.9,55,2.46,Neutral
1172,24,Male,9506,629.2,7,49,3.48,Neutral
1828,35,Male,6950,428.5,9.1,34,2.12,Tired
1814,59,Male,9914,650,6.3,87,3.29,Neutral
1148,24,Male,15141,843.2,9.8,0,1.86,Neutral
1079,57,Male,12537,698.8,5.4,47,0.5,Neutral
1885,23,Female,17154,812.5,7.3,61,3.36,Neutral
1212,39,Male,3309,343,4.4,37,2.81,Tired
1202,18,Male,7630,487.5,5.6,24,2.85,Happy
1763,21,Male,11693,695.5,6.7,28,1.73,Tired
1228,46,Female,15778,863.5,7.4,0,1.79,Happy
1675,38,Female,12525,767,8.9,0,3.31,Neutral
1226,43,Female,14416,723.6,6,75,2.67,Neutral
1658,31,Female,19407,900,7.6,0,2.42,Neutral
1531,26,Male,17733,900,5,81,2.65,Neutral
1440,29,Female,9629,620.9,8.5,54,3.56,Neutral
1401,59,Male,9360,670.2,9,59,3.01,Neutral
1046,23,Male,13011,736.3,8.6,70,2.17,Neutral
1232,37,Female,8953,609.8,8.6,79,1.52,Happy
1304,41,Female,4301,380.5,6.9,75,2.91,Tired
1525,44,Female,12227,731.1,7.4,60,1.85,Neutral
1142,55,Female,7819,570.8,6.9,73,1.67,Neutral
1414,25,Female,12782,764.2,6.9,36,3.42,Neutral
1512,18,Male,3769,275.2,5.9,0,3.11,Happy
1372,41,Female,11492,639,7.4,28,2.77,Neutral
1565,24,Female,19564,900,7.6,75,1.63,Tired
1885,36,Female,4345,398.7,8.5,42,3.75,Happy
1258,39,Male,3665,344.1,7.6,21,3.22,Happy
1655,52,Female,11784,696.7,8.3,64,2.29,Neutral
1470,47,Male,13366,679.5,5.9,84,2.14,Happy
1952,46,Female,19926,900,9.1,57,2.55,Neutral
1970,39,Female,10325,631.6,6.6,25,2.17,Tired
1011,28,Male,6440,461.9,3.9,67,4.05,Tired
1329,37,Female,8110,515.5,6.4,63,2.23,Happy
1735,46,Male,19815,900,7.9,26,1.75,Happy
1783,58,Male,18771,900,7.1,85,3.61,Neutral
1967,59,Male,12495,683.6,4.1,0,2.1,Happy
1357,51,Female,10629,714.6,7.3,49,3.05,Tired
1971,18,Female,16533,782,7.2,71,2.97,Happy
1407,48,Female,19823,900,5.5,55,2.46,Tired
1667,47,Male,12365,733.7,7.8,54,1.82,Neutral
1372,35,Female,13099,663,6.8,85,2.47,Tired
1007,34,Male,2316,192.5,4.1,69,1.68,Happy
1121,55,Female,6204,498.9,8,0,2.48,Tired
1347,31,Male,14512,843.5,7.3,23,3.04,Tired
1675,40,Male,1684,202,9.3,74,3.7,Happy
1089,42,Male,7440,407.8,5.7,71,1.74,Neutral
1647,32,Female,12735,648.5,6.7,78,2.32,Tired
1697,39,Male,4087,328.5,8.6,39,2.13,Happy
1315,20,Male,10867,730.4,5.6,38,2.69,Tired
1177,36,Male,19497,900,8.5,27,1.43,Tired
1539,51,Male,18341,900,8.6,86,1.85,Tired
1731,52,Male,6778,507.2,7.5,46,1.32,Neutral
1868,18,Male,17029,900,6.8,27,1.49,Tired
1040,38,Female,9079,531.9,6,37,2.04,Happy
1739,46,Female,4094,363.3,5.9,0,3.67,Happy
1703,23,Male,15821,821.9,7.5,65,2.74,Tired
1922,54,Female,8582,570.2,3,0,2.55,Neutral
1501,18,Female,10012,661.3,6.2,22,3.44,Happy
1958,18,Male,1887,384.4,6,0,2.77,Neutral
1144,44,Male,12920,697.3,5.5,0,2.83,Neutral
1200,38,Male,7015,487.7,7.3,85,2.17,Happy
1928,33,Female,15530,864.5,4.8,20,2.05,Happy
1723,57,Male,18259,900,8.8,0,1.58,Neutral
1460,43,Female,13453,823.9,8.4,0,2.08,Tired
1731,33,Male,8508,534.9,9,0,2.3,Neutral
1751,45,Female,1556,242.4,6.2,64,2.74,Happy
1924,18,Male,9900,664.8,7.3,0,2.47,Neutral
1908,53,Male,1717,283.8,8.2,70,2.24,Happy
1557,27,Female,4665,413.6,6.8,80,1.86,Tired
1546,34,Female,14891,792,6.2,23,2.78,Tired
1252,40,Female,11336,699.8,7.2,0,2.15,Tired
1389,24,Female,16014,797.3,6.7,30,2.75,Tired
1593,24,Female,7547,479,5.4,0,1.16,Tired
1882,32,Female,6196,315.4,3.4,76,2.74,Happy
1255,51,Male,19403,900,5.6,73,3.02,Neutral
1708,21,Female,12971,765.4,3.5,84,2.93,Tired
1814,31,Male,19567,900,5.7,66,2.36,Happy
1920,31,Male,16216,802.4,9.1,0,3.14,Neutral
1449,33,Female,11606,735.7,4.2,53,1.61,Neutral
1009,24,Male,7691,514.6,7.7,0,2.44,Tired
1823,49,Female,8045,606.5,8.8,80,2.36,Tired
1797,36,Female,11487,702.3,4.6,39,3.23,Neutral
1241,19,Male,2237,298.9,9.7,22,1.09,Neutral
1250,27,Male,11309,744.1,6.9,59,1.76,Happy
1876,34,Female,7472,480.1,9,88,3.72,Tired
1004,54,Female,4558,327.6,7.4,42,0.8,Neutral
1118,29,Male,6293,531.7,6.3,0,3.07,Neutral
1800,23,Male,13811,782.7,3,51,2.01,Tired
1373,39,Male,19229,900,5.3,43,2.68,Happy
1064,49,Male,7362,538.5,8,70,3.49,Happy
1145,58,Female,14311,854.6,9.3,77,2.71,Tired
1223,37,Female,4182,341.7,4.9,61,3.5,Happy
1238,18,Female,15298,802.5,6.9,54,2.16,Happy
1176,23,Female,17847,900,6.3,51,2.25,Happy
1778,36,Male,6760,461.1,7.6,0,3.05,Neutral
1852,35,Male,8260,452,7.1,64,2.19,Neutral
1281,23,Female,1450,266.2,6.4,0,2.92,Happy
1062,50,Female,14707,827.8,8,68,3.33,Tired
1216,40,Female,2915,282.6,6,53,3.11,Tired
1853,40,Female,10115,558.9,7,35,1.39,Tired
1826,43,Female,8076,516.2,8.2,30,2.26,Happy
1794,30,Female,15814,871.8,5.9,38,2.7,Tired
1688,24,Female,1315,198.8,6.5,48,2.33,Neutral
1460,32,Female,5793,548.5,6.2,73,2.56,Tired
1928,44,Female,18760,885.4,7.7,0,2.71,Tired
1609,43,Male,2262,261.9,7.5,86,2.13,Neutral
1104,50,Female,10319,669.5,6.2,0,2.36,Neutral
1098,32,Male,14194,816.1,7.5,75,1.67,Happy
1510,53,Male,4468,422.7,3,82,2.17,Happy
1384,44,Female,14874,760.7,8.3,23,1.43,Happy
1404,22,Female,13651,721.3,8.3,0,2.58,Happy
1822,19,Male,15482,776.5,6.2,22,2.36,Happy
1517,50,Male,5409,400.4,5.9,46,1.86,Neutral
1475,33,Female,1547,281,6.9,63,3.75,Neutral
1976,40,Male,5891,392.6,5.6,37,2.33,Neutral
1708,55,Female,10721,541.4,5.9,0,2.7,Tired
1862,33,Female,15436,875.9,7.5,89,2.05,Tired
1644,31,Female,17490,890.6,8.2,66,2.21,Tired
1869,46,Male,6468,496.1,7.5,0,2.73,Happy
1770,43,Male,15923,821.5,10,0,2.27,Tired
1436,52,Female,2250,317.1,8.9,42,2.5,Happy
1022,32,Male,14264,886.9,8.1,59,3.06,Happy
1996,20,Male,2611,247.3,8,34,2.14,Happy
1564,40,Male,8928,518.2,7.1,76,1.57,Happy
1676,46,Male,2790,266.6,7.8,33,1.43,Tired
1713,51,Male,1867,379.9,7.3,31,3.51,Neutral
1457,50,Male,13445,736.9,8.6,54,3.15,Happy
1082,58,Male,1327,297.5,6.6,44,2.96,Tired
1144,58,Female,4816,260.4,6.5,21,2.19,Happy
1084,40,Male,4148,384.6,8.8,37,1.57,Happy
1077,24,Male,16070,824.8,6.3,54,2.3,Neutral
1456,20,Male,12573,772.4,5.6,28,2.43,Happy
1877,49,Male,11566,695.6,5.9,30,1.71,Neutral
1000,48,Male,19939,900,8.1,86,1.47,Tired
1050,35,Male,14157,845.3,10,88,1.29,Happy
1684,24,Male,10322,696.5,5.7,57,2.96,Neutral
1716,58,Male,3482,414.6,8,89,1.66,Happy
1771,18,Female,4099,402.1,7.2,78,2.72,Happy
1445,31,Male,12512,686.6,8.7,85,2.22,Happy
1448,49,Male,14675,798.6,8,60,2.91,Neutral
1880,23,Male,10748,609.1,8.8,43,2.74,Tired
1487,56,Male,12735,720.5,7.4,69,2.34,Neutral
1799,27,Female,14850,764.3,5.7,24,2.59,Tired
1033,24,Female,7732,500.8,6,40,2.42,Neutral
1347,43,Female,8985,666.6,7.3,25,2.07,Neutral
1094,51,Female,13700,763.5,7.7,23,3.19,Tired
1071,47,Female,7054,460.7,6.4,28,2.2,Tired
1550,53,Female,17952,863.1,10,88,2.44,Tired
1153,38,Female,2654,301.2,8.4,0,1.51,Neutral
1249,34,Female,12428,734.4,3.9,28,2.69,Tired
1673,50,Female,12311,699.3,6.8,37,2.07,Happy
1437,27,Female,4733,386.6,5.5,78,2.17,Happy
1117,59,Female,7811,533.7,9.9,62,1.91,Happy
1770,29,Female,9342,593.4,3.7,0,2.41,Happy
1890,33,Female,11464,693.8,7.6,48,1.1,Tired
1305,58,Female,16746,900,7.2,67,2.98,Tired
1267,49,Female,13543,737.3,8.2,70,2.47,Happy
1960,32,Female,11300,645.1,7.5,0,2.17,Tired
1053,44,Male,2795,311.8,10,55,1.42,Happy
1235,45,Female,17192,900,8.4,64,2.8,Neutral
1388,34,Male,14708,844.4,4.2,54,2.06,Tired
1989,19,Female,17383,878.5,9.1,25,3.41,Neutral
1733,53,Female,9540,573.4,7.3,56,2.84,Tired
1762,24,Male,17328,852.4,9.1,55,3.57,Tired
1824,30,Female,7214,413.8,6.5,35,2.6,Tired
1400,32,Male,7145,423.9,5.4,41,3.25,Neutral
1623,42,Male,3609,294.2,5.1,88,2.82,Neutral
1766,40,Male,19610,900,8.6,88,2.18,Happy
1302,39,Female,14622,807.9,8.2,82,2.63,Neutral
1918,43,Female,11298,598.4,6.1,38,1.92,Neutral
1206,50,Female,4080,364.1,3,37,3.95,Happy
1228,28,Male,1987,321.4,8.6,36,2.43,Neutral
1852,27,Male,18744,900,3.9,60,2.52,Neutral
1909,42,Female,8546,517.2,10,52,2.77,Happy
1577,54,Female,16233,783.3,4.8,74,1.74,Neutral
1074,55,Female,2726,261.4,7,43,3.42,Happy
1434,58,Female,17149,900,7.3,59,1.78,Tired
1102,41,Female,15268,836,7.5,47,1.62,Tired
1421,57,Male,14977,900,7.5,86,2.38,Neutral
1703,50,Male,1907,239.4,7.2,58,1.6,Tired
1763,34,Male,14764,866,6.3,40,3.59,Neutral
1737,41,Female,9390,539.2,6.7,56,2.34,Happy
1805,54,Male,3455,313.1,6,21,0.5,Happy
1305,19,Male,6208,584.4,7.2,25,2.64,Happy
1097,49,Male,8774,509.2,4.4,0,2.89,Tired
1849,41,Male,15556,900,7.5,0,2.2,Happy
1797,26,Male,16428,855.5,6.9,66,1.55,Happy
1334,21,Female,4365,320.8,8.3,62,2.43,Neutral
1858,34,Male,6951,406.5,6.5,59,2.16,Neutral
1434,34,Female,16175,852.3,7.9,30,1.82,Neutral
1446,47,Female,12027,624.9,7.8,33,1.76,Neutral
1993,57,Female,10505,605.4,6.8,21,2.61,Happy
1307,28,Female,11094,548.5,7.5,58,3.13,Neutral
1248,38,Female,13167,744.4,5,82,2.82,Tired
1165,38,Male,9769,513.6,9,82,1.29,Tired
1480,35,Male,2020,277.8,6.2,0,2.93,Tired
1983,46,Female,12845,644.6,6.7,20,3.04,Neutral
1334,41,Female,4844,455.1,5.4,0,3.48,Happy
1541,27,Female,4573,277.4,5.8,0,1.84,Neutral
1758,34,Male,11485,645.3,9.5,58,2.46,Tired
1105,35,Female,6442,485.7,7.2,67,2.9,Neutral
1562,59,Male,8914,574.5,6.6,0,2.13,Tired
1080,37,Female,8951,495.7,6.5,0,2.89,Happy
1132,54,Male,9802,505.1,7,0,2.48,Happy
1796,35,Female,9520,619.9,8.1,39,1.91,Happy
1899,34,Male,1546,255.7,7.3,62,1.97,Happy
1137,26,Female,16530,807.6,7.3,75,3.37,Happy
1183,31,Male,9998,640.8,5.6,43,1.8,Neutral
1400,46,Male,12465,670.5,6.6,62,1.68,Happy
1329,48,Male,16616,831.8,7.2,40,2.74,Neutral
1784,21,Male,13717,705.3,7,67,2.48,Tired
1507,35,Male,16425,819,6.4,85,1.58,Tired
1851,37,Male,5901,396.3,6.2,35,2.14,Happy
1983,26,Male,12842,730.1,7.7,0,1.93,Neutral
1068,30,Female,6708,545.9,7.7,40,2.05,Happy
1545,32,Female,3082,253.4,8.5,71,4.27,Tired
1773,44,Female,10795,614.7,7.3,0,2.29,Neutral
1052,32,Female,13541,733.4,3.9,0,1.88,Tired
1449,45,Female,1260,273.6,10,77,3.92,Neutral
1204,54,Male,14567,832.1,7,24,3.12,Tired
1125,36,Male,6982,471.3,6.4,61,3.01,Happy
1746,43,Male,1500,228.1,6.9,49,1.92,Happy
1042,43,Male,2015,309.5,6.4,28,3.33,Happy
1751,42,Male,11525,579,5.8,0,3.07,Tired
1970,43,Female,4963,291.3,7.9,70,2.6,Tired
1882,43,Female,12866,844.2,6.8,76,1.3,Tired
1110,45,Female,13247,689.5,6.9,80,2.49,Happy
1760,35,Female,3706,327.6,3.2,25,3.71,Tired
1662,49,Male,16272,878.1,6.7,45,2.65,Tired
1182,20,Male,3099,341.3,5.4,25,2.24,Happy
1847,19,Male,7386,539.7,6.2,72,2.34,Tired
1094,50,Female,6338,500.4,7.4,80,2.39,Neutral
1970,59,Male,19949,900,6.1,52,1.94,Tired
1373,36,Female,9300,635.5,6.3,64,2.47,Happy
1911,34,Male,5297,437.4,7.1,59,3.51,Neutral
1519,50,Male,9405,595.1,6.2,0,3.43,Happy
1899,29,Female,16094,864.9,5.4,64,1.97,Happy
1359,20,Male,16201,736.4,4.4,57,3.39,Happy
1899,43,Male,13614,734.1,7.5,48,3.03,Neutral
1695,52,Female,14361,726.1,6.2,27,2.94,Neutral
1280,25,Male,2040,226.1,4.5,0,2.8,Happy
1194,53,Female,13810,728,8.9,70,1.85,Tired
1863,24,Male,8988,600.8,7.5,25,2.22,Neutral
1194,53,Male,8559,556.7,5.2,66,3.08,Happy
1666,33,Male,18371,900,5.9,68,1.66,Tired
1092,41,Male,1503,237.8,8.6,51,1.77,Happy
1671,18,Male,6344,472.6,6.7,73,2.71,Neutral
1945,42,Male,9947,587.9,6.4,55,1.95,Neutral
1060,27,Male,10533,668.8,8.1,38,3.08,Tired
1633,33,Male,15808,867.1,6.7,56,1.97,Neutral
1050,33,Female,9148,573.9,8.8,36,2.67,Happy
1402,25,Female,15155,766.1,6.4,35,2.73,Happy
1788,46,Male,16193,861.4,6.1,77,2.16,Tired
1004,56,Male,2381,307.4,7,63,2.33,Tired
1465,45,Female,8012,526.4,8.4,87,2.02,Tired
1603,23,Male,16213,824.7,7.4,68,2.49,Tired
1681,33,Male,16212,815.8,7.2,0,1.83,Happy
1828,37,Female,14808,808.4,5.8,0,2.34,Happy
1533,33,Male,11711,625.6,5.6,77,3.02,Happy
1404,24,Male,16173,834.3,8.4,0,1.7,Happy
1837,58,Female,19271,900,8.6,74,2.16,Tired
1512,31,Male,10515,642.7,8.6,0,2.86,Neutral
1644,43,Male,12939,659.7,8.2,0,1.05,Happy
1232,43,Female,3131,340.2,7.7,43,3.8,Neutral
1523,31,Male,3424,438.6,7.6,75,3.23,Tired
1345,24,Female,12576,736.8,7.2,0,1.42,Tired
1045,50,Male,10200,594.3,7.8,35,1.03,Neutral
1545,43,Male,18701,900,6.9,0,2.52,Tired
1944,37,Female,4216,478.6,7.8,0,1.72,Neutral
1077,20,Female,13826,796.2,8.4,62,3.17,Happy
1729,21,Male,1016,154.1,5.1,0,2.78,Tired
1812,43,Female,5670,457.6,8.6,27,2.59,Tired
1922,28,Female,3623,412.4,6.9,68,2.1,Neutral
1072,19,Male,14350,670.8,9.2,0,3.62,Neutral
1793,31,Male,17513,900,8.9,66,3.03,Neutral
1248,47,Male,15450,807.8,5.5,55,2.92,Neutral
1046,29,Female,2473,364.7,7,42,3.34,Neutral
1120,43,Female,10260,606.8,4.2,50,1.79,Tired
1213,50,Female,5311,429.6,6.4,81,3.4,Neutral
1238,30,Female,3736,367.4,7.5,76,2.31,Happy
1055,31,Male,2946,353.5,8.3,89,2.73,Neutral
1349,41,Female,16740,892,7.1,84,2.39,Tired
1106,51,Male,17684,862.4,7.7,56,1.19,Happy
1830,43,Female,10176,593.9,5.9,0,3.17,Tired
1047,38,Male,12883,715,7,36,1.22,Neutral
1572,45,Male,5501,481.6,6.1,26,1.82,Tired
1336,53,Male,12618,728.9,7.4,71,2.18,Tired
1025,57,Female,6914,443.7,9.1,54,1.13,Neutral
1803,19,Male,1082,197.3,6.9,21,1.73,Tired
1256,59,Male,9364,607.3,4.9,59,2.67,Tired
1007,26,Female,18382,900,7.3,56,2.26,Tired
1624,40,Male,6804,509.8,8.1,0,2.32,Happy
1866,32,Female,13293,728.9,5.6,29,1.86,Tired
1252,30,Female,13812,825.5,8.9,0,2.53,Neutral
1691,40,Male,4084,326.5,6.1,24,2.27,Neutral
1718,34,Male,3045,393.7,5.9,24,1.35,Tired
1302,19,Female,17588,900,4.3,46,2.36,Neutral
1638,37,Male,14184,745.3,7.4,24,1.63,Happy
1055,37,Female,15375,771.1,9.7,0,3.13,Neutral
1725,20,Female,2552,398.5,7.6,27,2.23,Neutral
1525,29,Female,8816,507.5,5.9,50,4.27,Tired
1473,57,Male,1824,288.3,7.8,40,3.18,Happy
1027,19,Female,4748,407.2,8.2,40,2.41,Happy
1982,53,Male,6578,463.6,8.7,70,2.91,Neutral
1077,31,Male,6197,486.9,5.1,78,1.04,Neutral
1215,33,Male,10030,554.7,9.3,21,3.17,Tired
1385,36,Male,19345,900,7.3,49,1.93,Tired
1364,51,Female,1937,236.3,9.6,0,2.56,Happy
1665,23,Male,8595,536.6,7.2,39,1.99,Tired
1525,30,Female,1424,185.1,7.9,0,2.07,Happy
1698,53,Female,12502,752.4,5.6,48,2.37,Happy
1311,39,Male,4051,456.4,8.5,24,2.55,Neutral
1882,35,Female,3905,456.6,5.4,29,2.48,Happy
1006,29,Female,13238,786.3,7.4,80,2.5,Happy
1002,47,Male,3694,329.2,6.4,20,1.36,Happy
1622,57,Female,4595,383.9,6.9,66,4.13,Happy
1918,24,Female,2267,274.5,8.6,76,2.66,Neutral
1749,49,Female,1421,196.2,6.5,33,2.81,Tired
1362,36,Female,8017,505.9,8.7,0,2.26,Tired
1750,23,Male,10849,679.4,6.4,0,1.89,Happy
1507,37,Female,19484,900,7.2,35,2.61,Tired
1273,44,Female,17349,779.9,10,0,2.7,Tired
1505,54,Female,13131,662.6,7.2,0,3.41,Happy
1805,24,Female,9876,636,6.9,83,3.95,Happy
1738,22,Male,3226,243.1,7.2,79,3.53,Tired
1882,28,Female,5388,391.9,6.5,38,1.26,Neutral
1014,32,Male,3422,317.7,5.5,66,2.18,Tired
1191,20,Female,8226,541.9,10,0,2.74,Happy
1984,22,Male,10269,622.5,6.4,49,2.22,Tired
1630,40,Male,13177,747.1,4.7,66,2.47,Tired
1484,54,Male,13032,713.8,6.8,0,1,Neutral
1027,26,Male,12508,653.1,7.5,40,3.14,Tired
1713,32,Male,8316,577.7,6.7,82,1.19,Tired
1038,20,Female,3843,265.5,6.9,61,1.4,Happy
1952,46,Female,5111,443.5,6.8,80,1.79,Neutral
1272,23,Female,13463,795.7,7.6,62,2.43,Tired
1230,34,Male,14778,900,8.2,87,1.36,Tired
1085,43,Female,19287,900,6.7,45,1.76,Happy
1473,38,Male,5224,381,10,52,3.3,Happy
1125,25,Male,5979,441.8,8.6,52,2.42,Neutral
1811,38,Female,17809,900,7,0,2.8,Neutral
1536,28,Female,3401,377.8,5,60,1.63,Neutral
1144,55,Male,9941,623.8,7.2,55,2.46,Happy
1524,25,Male,16685,849.8,8.2,41,2.4,Happy
1211,59,Female,16963,873.6,8.2,66,1.94,Happy
1024,41,Female,17427,900,4.2,0,2.46,Happy
1579,52,Female,18943,894.4,7.2,43,1.18,Neutral
1393,31,Female,7035,469.7,6.3,62,2.81,Neutral
1066,31,Male,8071,550.6,9.2,0,2.22,Neutral
1232,27,Female,17531,847.9,7.2,46,2.32,Happy
1108,29,Female,3170,149.8,3.6,64,3.1,Happy
1145,55,Female,6118,517,7.6,56,2.8,Happy
1110,51,Male,8297,530.9,4.1,32,2.28,Happy
1227,58,Male,5163,343.6,7.7,70,1.72,Tired
1110,27,Male,9026,607.1,10,21,3.43,Neutral
1469,34,Male,10019,590.3,9,78,1.56,Neutral
1033,34,Female,10944,586,7.4,0,2.94,Tired
1622,20,Male,3939,376,6,68,1.38,Neutral
1775,48,Female,6727,471.7,8.9,49,3.14,Happy
1935,18,Female,12920,686.1,8,28,3.21,Neutral
1368,29,Female,4616,346.2,6.6,43,1.16,Happy
1747,56,Female,6405,404.9,6.2,60,2.81,Happy
1594,21,Male,11469,695.5,5.6,79,2.76,Happy
1553,59,Male,9351,511.6,7.6,0,2.99,Tired
1424,30,Male,12557,662.4,6.4,0,2.76,Neutral
1612,51,Female,6880,480.3,7.3,0,1.83,Happy
1517,59,Female,15096,876.8,8.4,61,2.35,Neutral
1691,38,Female,2013,287.2,6.3,89,3.67,Tired
1281,39,Female,9743,619.1,8,0,1.72,Neutral
1319,21,Female,8391,540.8,8.8,50,2.73,Neutral
1737,35,Male,18559,900,7.6,75,3.31,Neutral
1442,22,Female,10355,711.1,8,49,1.81,Neutral
1951,36,Male,6247,428,7.6,0,1.51,Tired
1314,19,Female,8518,541.4,7,34,1.61,Neutral
1876,29,Female,7290,500.3,8.3,37,2.78,Happy
1965,34,Male,2308,318.8,9.4,51,1.61,Tired
1740,27,Male,10684,634,8.3,0,2.41,Neutral
1376,51,Female,13723,721.7,6.7,81,3.46,Neutral
1288,23,Female,5827,432.7,6.7,71,2.46,Happy
1436,25,Female,19161,900,6.8,0,1.96,Tired
1661,28,Female,1059,258.1,8.4,0,2.59,Tired
1276,29,Male,7986,423.9,6.2,53,2.45,Happy
1709,26,Female,11643,646,5.5,75,2.82,Neutral
1581,19,Male,16216,849.3,7.7,72,3.63,Neutral
1502,25,Female,8860,547.4,7,68,2.78,Tired
1623,28,Male,14425,773.6,9.2,82,3.92,Tired
1515,53,Male,14806,806.6,3.6,35,2.82,Neutral
1349,27,Female,15950,863.4,7.3,59,1.96,Happy
1842,38,Male,2592,316.6,6.4,0,4.1,Happy
1445,37,Female,15464,866.1,8.2,37,2.41,Neutral
1829,25,Male,7097,409.1,6.6,42,1.76,Happy
1349,53,Female,7458,485.7,6.1,67,4.13,Tired
1606,46,Male,10151,627.8,8.4,65,1.99,Neutral
1663,59,Female,5166,419.4,8.9,41,1.96,Happy
1822,29,Female,7488,466.9,6.9,73,2.11,Happy
1136,31,Male,11415,630,6.9,59,2.62,Tired
1758,38,Male,13008,678.2,8.9,49,3.15,Tired
1898,39,Male,12170,735.6,8.7,74,0.65,Neutral
1242,38,Male,18430,844.6,8.5,75,3.15,Tired
1542,47,Female,15516,756.6,6.4,61,2.11,Tired
1039,56,Male,10260,631.3,6,61,2.21,Neutral
1228,37,Female,8636,572.6,9.5,81,3.7,Happy
1547,41,Male,5187,328.3,7.9,72,2.65,Tired
1919,40,Female,4340,404.9,5.9,0,2.81,Neutral
1222,24,Female,7177,496.1,6.8,83,2.47,Tired
1005,26,Female,16941,900,7.1,0,3.03,Tired
1321,18,Female,4435,381,6.8,88,3.63,Happy
1467,43,Male,8300,553.3,6.6,0,0.77,Tired
1731,55,Male,13669,769.8,8.8,36,3.26,Tired
1074,55,Female,1965,302.2,7.8,82,3.58,Tired
1003,39,Male,8444,550,10,60,2.85,Happy
1846,27,Male,11626,660.8,8.9,77,2.03,Tired
1645,23,Female,15610,820.4,7.2,0,1.69,Neutral
1117,34,Male,1500,271.5,9.1,57,4.15,Neutral
1880,55,Male,5554,463.4,7.5,85,1.87,Happy
1605,41,Male,17433,900,10,64,3.56,Happy
1503,27,Female,18371,900,6.5,0,2.77,Happy
1997,25,Male,14291,790.5,7.7,39,3.93,Tired
1946,38,Female,7771,571.6,6.1,55,2.28,Happy
1573,23,Male,18499,900,6.4,61,1.37,Neutral
1440,38,Male,4932,344.3,6.5,41,2.5,Neutral
1193,56,Male,5434,380.7,8.9,79,1.46,Tired
1846,41,Female,4567,474.1,7.3,30,4.37,Tired
1714,50,Female,2658,270.6,3.3,0,2.94,Tired
1391,35,Male,11068,671.2,7.1,0,3.04,Tired
1025,45,Female,15161,757,5.5,41,3.05,Neutral
1434,49,Male,8944,622,6.3,82,2.01,Neutral
1172,29,Female,6800,449,8.7,50,2.41,Happy
1299,59,Female,15408,820.5,5,30,2.58,Tired
1644,44,Male,9017,549.3,5.2,55,3.86,Neutral
1325,27,Male,3815,377.8,4.5,54,1.69,Neutral
1409,59,Male,1970,287.4,6.4,42,1.99,Happy
1117,49,Male,14285,816.9,4.5,48,2.25,Neutral
1835,59,Female,1207,281,4.6,42,2.03,Neutral
1786,43,Female,17643,900,6.7,35,1.48,Tired
1723,42,Female,6025,473.6,7.5,0,0.61,Happy
1224,28,Male,5358,449.3,5.6,0,1.22,Tired
1531,40,Male,17888,895.6,7.5,69,3.27,Tired
1112,51,Female,13490,715.9,7.2,62,2.49,Happy
1139,57,Male,2759,388,7.8,38,3.08,Happy
1558,40,Female,15301,847.4,5.4,37,2.09,Tired
1000,46,Female,15387,835.7,10,25,2.43,Tired
1089,48,Female,14667,746.6,5.3,54,3.63,Tired
1653,24,Female,4794,302.3,6.1,33,3.59,Tired
1319,57,Female,4590,369,7.8,83,3.16,Happy
1549,50,Male,15698,805.3,7.2,0,2.64,Neutral
1804,38,Male,13332,717.8,8.3,54,2.86,Happy
1893,19,Male,7970,561.4,6.5,21,2.76,Neutral
1138,35,Female,10593,700.1,5.2,25,2.38,Happy
1510,50,Female,4329,428.6,4.7,44,2.22,Tired
1867,54,Female,12036,651.2,9.7,69,3.29,Neutral
1844,51,Female,15372,841.8,6.5,26,1.59,Happy
1258,37,Male,3092,299.3,6.7,82,3.54,Happy
1672,52,Male,19059,870.3,9.7,0,2.31,Happy
1901,35,Female,1287,247.7,6.3,0,1.58,Tired
1689,41,Female,18169,900,7,84,2.12,Happy
1009,25,Female,3316,315.9,5.5,78,1.89,Happy
1260,47,Male,17259,900,5,43,2.1,Tired
1918,27,Male,3838,320.2,9.8,0,2.08,Neutral
1649,40,Male,12829,747.6,9.9,57,2.06,Neutral
1171,28,Female,9137,553.3,8.5,81,2.28,Tired
1897,19,Female,2265,366.8,8.5,84,2.45,Neutral
1012,43,Male,3983,343.7,8.1,0,3.03,Happy
1167,53,Female,15689,800.4,5.9,71,2.33,Happy
1641,50,Male,15107,877.9,7.4,82,2.73,Neutral
1595,30,Female,9143,536.9,6.2,30,2.51,Neutral
1320,57,Male,9030,571.8,3.1,0,2.88,Neutral
1318,42,Female,14122,736.4,8.7,73,2.53,Tired
1612,21,Male,11652,712.3,7.8,69,2.05,Neutral
1328,59,Male,1611,329.3,5,57,1.86,Tired
1784,36,Male,4523,347.2,6.5,0,2.65,Neutral
1776,35,Male,6424,484.3,8.6,0,3.39,Tired
1970,54,Male,10939,669.5,7.2,87,2.34,Tired
1910,47,Male,2628,311.4,4.5,0,2.01,Happy
1919,36,Female,14176,843.3,5.2,25,2.32,Neutral
1549,40,Female,8907,632.2,9.8,0,2.11,Happy
1418,33,Female,4372,332.2,7.1,57,2.03,Happy
1605,18,Male,14102,824.5,8.6,76,1.49,Tired
1094,29,Male,10789,656.9,9.8,83,2.33,Tired
1816,41,Female,4139,377.8,6.3,73,2.67,Tired
1580,51,Male,12643,694.1,7.5,33,1.74,Tired
1317,25,Male,19643,900,4.1,83,1.89,Happy
1955,35,Male,3250,344.2,6.1,69,1.84,Tired
1235,22,Male,7121,500.2,7.9,66,1.53,Happy
1945,43,Male,9181,667,6.7,73,1.83,Happy
1333,47,Female,16303,818.4,7.7,0,2.36,Neutral
1884,30,Female,17667,826.3,8.4,58,1.56,Neutral
1375,36,Female,6725,410,7.8,84,2.4,Tired
1458,46,Female,16584,900,7.5,79,2.01,Happy
1136,20,Female,14219,746.4,7.3,52,1.85,Happy
1929,43,Male,9794,660,6.1,0,2.76,Happy
1587,57,Male,15112,804.8,5.6,55,2.05,Neutral
1994,29,Male,12544,653,9,0,2.17,Happy
1546,19,Male,5075,503.1,8.2,0,3.41,Happy
1512,28,Female,13778,817,5.8,0,1.86,Happy
1295,45,Female,7162,477.5,7.1,66,3.6,Neutral
1319,35,Female,8636,595.3,4.9,88,2.26,Tired
1917,30,Male,9002,566.2,6.3,33,1.7,Tired
1571,54,Female,14453,800,7.8,0,2.11,Tired
1831,39,Male,15633,900,7.4,71,2.55,Neutral
1348,29,Female,18877,879.1,7.2,69,3.38,Neutral
1839,19,Female,13992,741.7,5.7,84,3.06,Tired
1778,54,Male,13126,726.5,5.4,83,2.54,Tired
1872,24,Male,14090,780.3,8.4,42,3.38,Neutral
1228,43,Female,17756,847.8,9.5,89,1.18,Tired
1269,43,Female,8071,568.7,7.8,78,2.67,Happy
1827,41,Male,14749,732.3,6.7,73,2.72,Neutral
1797,29,Female,12983,656.8,8.8,45,2.73,Tired
1290,33,Female,7586,490.9,5.7,63,1.37,Tired
1724,40,Male,11641,760.4,8.6,32,1.79,Neutral
1164,57,Female,4967,525.8,6.1,73,2.38,Neutral
1004,26,Male,1822,297.3,6.2,59,3.28,Happy
1850,49,Female,1221,236.9,6.5,23,3.84,Neutral
1378,32,Male,7880,523,6.8,72,2.03,Neutral
1077,54,Female,13129,741.9,8.4,20,1.58,Happy
1409,30,Male,16543,900,5,25,3.07,Tired
1573,22,Female,4888,334.6,6.1,74,4.33,Neutral
1131,28,Male,14499,839.7,7.3,85,3.27,Tired
1600,27,Female,11352,582.7,7.8,37,1.98,Happy
1748,30,Female,11117,620.6,4.4,48,4.5,Neutral
1041,58,Female,13772,750.8,5.8,72,2.98,Happy
1088,32,Female,4993,420.3,4.4,52,1.95,Tired
1401,59,Female,19982,900,6,0,3.85,Happy
1295,24,Female,2666,315.4,6.3,0,1.89,Neutral
1839,57,Female,17312,894.5,7.8,23,2.07,Neutral
1294,45,Female,12273,614.9,3.6,27,3.01,Tired
1615,49,Female,15338,842.3,8,0,2.48,Tired
1525,52,Male,5757,470.8,6.2,0,2.53,Tired
1799,32,Male,12360,761.5,6.5,45,2.53,Tired
1690,53,Female,18938,900,8.5,53,3.28,Neutral
1636,38,Male,7115,505.1,9,68,0.87,Neutral
1421,23,Female,6437,528.1,6,68,2.7,Neutral
1864,18,Female,10272,611.8,6,46,2.3,Happy
1022,21,Male,13126,652.5,6.5,84,1.97,Happy
1574,28,Female,17471,900,6,0,1.97,Tired
1142,43,Female,8115,561.6,4.8,68,0.65,Tired
1992,54,Male,3703,348.2,7,82,1.94,Tired
1664,40,Male,12151,682.9,6,51,3.4,Neutral
1144,46,Female,19802,900,7.1,38,3.08,Happy
1224,38,Male,5147,389,9.6,0,2.37,Tired
1502,44,Male,2747,332,6.8,0,1.51,Tired
1961,56,Female,9232,523.2,5.9,86,3.08,Neutral
1973,57,Male,16151,805.5,6.6,28,3.42,Happy
1820,30,Male,11330,587.2,7.2,54,3.22,Tired
1615,40,Female,17422,900,6.8,0,1.82,Tired
1103,33,Male,12276,694.7,6.2,56,1.89,Tired
1946,47,Male,19535,900,4.5,47,3.66,Tired
1038,21,Female,4937,342.6,8,28,1.65,Happy
1946,57,Female,7886,506.4,5.7,54,2.83,Happy
1197,33,Female,11282,678.9,9.2,0,1.26,Tired
1645,48,Male,1208,321.9,6.4,0,2.29,Neutral
1578,59,Female,1599,233.8,6.2,0,2.91,Tired
1390,42,Female,4709,368.2,6.3,71,2.48,Neutral
1178,29,Male,17597,864.3,7.2,36,2.87,Tired
1967,43,Female,6723,462.9,5.7,28,1.64,Tired
1553,54,Female,15004,749.2,6,73,1.93,Neutral
1447,50,Female,10768,558.9,7.9,24,2.84,Tired
1499,45,Female,11316,665.6,5.5,82,2.99,Happy
1014,26,Male,19792,900,7.8,66,2.65,Neutral
1622,29,Female,8972,501.9,8.2,38,3.16,Happy
1668,22,Female,18206,894.5,8,0,1.34,Neutral
1288,45,Male,19979,900,7.4,64,2.17,Happy
1477,52,Female,16546,900,4.3,52,3.78,Tired
1230,22,Male,11291,510,5.2,62,3.4,Tired
1922,51,Male,12794,734,5,45,2.94,Neutral
1419,51,Male,12659,740.3,6.4,64,2.39,Happy
1156,30,Female,8983,523.7,7,54,3.22,Tired
1549,56,Male,7500,482.5,5.2,72,2.8,Happy
1440,59,Male,2634,322,6.7,29,1.44,Happy
1096,31,Male,15059,800.9,8,60,3.2,Neutral
1996,28,Female,5814,517.5,5.5,36,1.89,Tired
1410,59,Female,18551,900,5.8,85,3.03,Neutral
1950,55,Female,5076,446.1,8.8,30,1.37,Neutral
1288,21,Female,9390,598.1,5.6,0,3.62,Tired
1253,50,Female,6442,492.4,7.5,86,2.31,Happy
1195,24,Female,4505,341.3,8.9,65,1.72,Neutral
1597,58,Female,18186,900,5.2,39,2.02,Tired
1833,25,Male,1502,256.8,5.3,32,2.26,Happy
1521,54,Male,13756,714.4,6.7,36,2.5,Happy
1516,27,Male,15262,856.7,7.1,51,3.42,Happy
1634,32,Male,17141,784.9,6,35,2.55,Neutral
1841,55,Female,11605,731.5,10,42,0.98,Neutral
1864,32,Male,8939,446.6,7.8,0,1.64,Tired
1117,22,Male,5719,421.1,5.8,33,4.43,Happy
1805,46,Male,8748,597,5,0,2.59,Happy
1908,36,Male,3870,295.4,6.9,0,3.17,Tired
1158,27,Female,5758,451.5,7.7,52,2.28,Happy
1814,29,Female,14038,777.3,9.8,0,1.8,Happy
1227,21,Female,6968,495.1,7.1,73,2.16,Tired
1876,48,Male,12659,688.9,6.6,0,2.59,Tired
1215,35,Female,18482,900,5.5,42,2.18,Neutral
1947,33,Male,17766,832.1,7.6,48,3.84,Neutral
1695,57,Female,8790,546.4,8.5,25,2.07,Neutral
1014,53,Female,10585,669.3,4.3,58,1.76,Tired
1156,42,Female,5271,388,7.1,24,3.07,Neutral
1647,40,Female,5323,392.6,5.5,59,3.15,Happy
1260,29,Female,3038,401,5,40,2.52,Neutral
1156,51,Male,16977,870.9,9.5,78,2.08,Neutral
1046,53,Female,6461,476,8.3,0,1.17,Neutral
1323,54,Male,9063,589.3,6.1,43,3.35,Tired
1843,20,Male,19369,900,6.8,22,3.11,Happy
1684,26,Male,2262,324.5,6.5,0,2.19,Tired
1129,35,Male,6731,518.7,5.3,89,2.54,Happy
1410,52,Male,10903,681.3,6.2,89,2.34,Neutral
1094,51,Female,1349,304.7,8.2,82,3.64,Neutral
1626,58,Female,1440,153.5,6.2,66,1.77,Happy
1754,31,Female,14899,737.4,7.7,0,2.07,Tired
1931,21,Female,19946,900,6.2,32,2,Tired
1291,46,Male,4152,326.3,5.2,64,2.72,Neutral
1793,58,Female,11247,613.9,8.8,51,2.54,Happy
1810,32,Female,19717,900,3.8,0,2.64,Happy
1282,45,Male,10614,629.9,9.7,61,1.88,Happy
1068,59,Male,17457,891.4,8.5,61,3.54,Happy
1659,33,Female,7949,506.7,7.3,26,2.18,Neutral
1010,29,Female,3205,308.2,6.3,22,3.33,Tired
1253,22,Male,18855,900,6.4,56,4.7,Neutral
1841,51,Female,14133,834.7,7.3,22,1.89,Happy
1871,59,Female,19114,876.3,7.3,37,2.74,Tired
1549,18,Female,1035,305.1,5.6,61,2.41,Neutral
1133,56,Female,18404,900,7.1,28,3.92,Happy
1711,49,Male,6534,524.7,7.4,76,2.3,Neutral
1022,43,Male,9009,510.9,6.5,43,2.67,Happy
1814,34,Male,11952,653.8,10,26,2.66,Neutral
1345,44,Female,3535,393.1,6.8,0,2.43,Neutral
1301,41,Female,5963,426.1,4.4,0,3.03,Neutral
1362,52,Female,13707,723,5.5,75,2.57,Happy
1395,59,Female,13860,749.4,8.1,77,2.84,Tired
1217,56,Female,15247,753.8,5.9,37,2.65,Tired
1140,43,Male,18410,900,5.5,58,2.08,Happy
1615,55,Female,18670,886.5,9.1,69,2.31,Tired
1957,40,Female,9512,616.6,7.3,52,2.89,Tired
1209,39,Male,14887,753.3,6.1,47,2.89,Neutral
1984,21,Female,3293,334.3,3,75,3.37,Neutral
1992,26,Male,18996,900,7.9,44,3.8,Happy
1622,21,Male,17860,900,7,33,2.14,Happy
1615,24,Male,12356,735.4,9,74,2.59,Neutral
1827,40,Male,11018,655,5.4,26,2.36,Happy
1682,19,Male,13820,717.8,6.4,23,1.72,Happy
1459,41,Female,16933,849.2,7.4,49,2.9,Tired
1355,57,Male,2947,435.9,8.9,0,3.04,Happy
1323,48,Male,16310,899.8,7.4,76,1.75,Happy
1132,48,Female,17303,882.2,5.9,56,2.24,Neutral
1887,57,Female,16014,811.9,8.9,0,2.17,Happy
1804,51,Male,18977,887.1,6.5,0,1.44,Neutral
1839,41,Female,10939,694,7.3,71,2.47,Happy
1126,43,Female,15465,783.1,8.1,22,1.7,Tired
1105,33,Male,11225,701.7,9.3,26,2.61,Neutral
1603,30,Male,8704,589.5,7.6,0,2.69,Happy
1798,32,Female,17640,900,10,89,2.78,Happy
1377,44,Male,7512,538.4,6.9,53,2.81,Tired
1904,21,Male,3991,349.1,7.4,35,3.57,Happy
1050,33,Female,18801,900,6.1,27,1.93,Tired
1028,47,Male,8965,559.8,7.5,40,1.97,Neutral
1461,47,Male,14730,775.8,7.4,30,2.96,Neutral
1295,53,Male,9301,490.9,8.6,69,2.41,Happy
1296,20,Male,19936,889.7,7.7,25,3.29,Neutral
1725,39,Male,10249,647.9,6.2,34,2.89,Tired
1778,39,Female,15155,797.2,7.4,30,3.84,Tired
1406,29,Female,17080,900,6,46,2.44,Happy
1768,38,Male,3042,302.7,7.8,0,1.46,Tired
1813,21,Female,19565,900,6.2,57,2.74,Tired
1612,48,Male,15834,879.8,4.9,23,2.45,Tired
1404,48,Male,5492,497.4,5.3,64,2.87,Happy
1345,40,Male,4558,366.5,5.2,29,2.96,Neutral
1621,37,Male,10813,582.5,6.2,73,2.13,Tired
1419,32,Male,4658,447,5.7,48,1.79,Neutral
1181,40,Female,17319,878.4,7,31,2.4,Neutral
1982,45,Female,4884,371.1,6.4,75,0.83,Happy
1824,33,Male,5780,411.2,7.8,59,2.56,Happy
1000,54,Female,6952,442.1,7.6,56,2.21,Neutral
1830,38,Male,8517,579.4,6.5,85,3.1,Happy
1949,32,Female,6106,377.3,8.9,39,1.11,Neutral
1566,34,Male,19550,900,5.6,31,2.5,Tired
1370,54,Female,5397,428.4,8.5,57,3.6,Neutral
1935,30,Male,13643,715.8,7.2,49,2.97,Neutral
1910,36,Male,15822,900,6.4,66,3.19,Tired
1660,47,Female,11462,703.4,8.7,61,2.74,Happy
1430,35,Female,4711,365.7,7.8,24,1.34,Neutral
1968,31,Male,2586,298.1,5.4,0,2.62,Happy
1308,53,Female,10406,661,7.5,70,2.79,Tired
1136,53,Male,8138,529.5,7.5,31,1.75,Neutral
1201,37,Female,8662,616.6,8.5,29,2.41,Neutral
1435,36,Female,8404,564.5,7.9,56,0.5,Neutral
1312,24,Male,14333,786,8,85,2.27,Neutral
1116,21,Female,10837,645.7,6.3,86,2.19,Happy
1665,51,Female,10542,779.1,6.7,33,3.48,Happy
1936,19,Male,16904,825.2,6.6,66,2.08,Tired
1802,22,Female,9556,527.5,4.6,39,2.31,Happy
1574,27,Male,14355,762.1,8.9,71,2.44,Neutral
1243,49,Male,13806,822.5,5.3,87,2.09,Tired
1536,59,Male,10818,509.5,7.4,45,3,Neutral
1601,58,Male,15864,739.4,6.5,66,1.11,Neutral
1074,30,Male,1981,259.3,6.6,22,3.3,Tired
1805,56,Female,11228,755.1,8,21,2.49,Neutral
1385,22,Male,4552,383.4,5.8,60,3.41,Neutral
1902,27,Male,18305,874.1,7.7,49,0.58,Tired
1209,27,Female,12938,758.6,7.7,56,0.79,Happy
1474,55,Female,17318,900,5.8,0,2.3,Tired
1417,44,Female,6052,410.1,8.4,0,2.85,Tired
1346,38,Male,6406,479,9.1,0,2.11,Tired
1528,25,Male,18858,900,10,28,2.91,Happy
1639,18,Male,13850,782.6,6.6,0,3.19,Tired
1938,45,Female,13601,721.1,7.3,43,2.97,Happy
1954,56,Male,8098,555.4,7.4,0,2.57,Neutral
1875,31,Female,7719,550.7,8,73,2.57,Tired
1762,38,Male,16856,900,9.6,37,2.07,Neutral
1178,47,Female,9594,502.6,7.7,58,2.46,Neutral
1181,38,Male,1612,192.8,7.8,66,1.78,Happy
1663,26,Male,8286,497,5.4,46,1.95,Neutral
1024,34,Male,11068,656.1,10,53,2.86,Neutral
1966,22,Female,10805,660.2,6.3,38,2.18,Tired
1179,48,Female,4017,308,3,25,1.98,Neutral
1709,57,Male,10926,653.3,3.6,49,2.81,Tired
1500,55,Male,12740,756.9,7.5,31,2.77,Neutral
1855,36,Male,11572,696.3,5.1,34,2.35,Happy
1160,53,Female,17237,866.5,7.1,58,2.4,Neutral
1176,50,Male,11002,621.7,4.8,83,2.79,Happy
1284,30,Male,16818,807.8,7.5,83,3.18,Tired
1062,31,Male,4201,455.1,7.8,34,2.64,Tired
1661,50,Male,1752,293.8,7.3,77,1.67,Neutral
1665,46,Female,8556,461.6,6,86,2.35,Neutral
1155,53,Female,2341,355,8.3,20,2.21,Tired
1881,27,Male,14981,832.2,6.4,26,1.76,Tired
1468,48,Male,9696,647.6,6.7,28,2.85,Tired
1048,23,Female,15525,793.1,6.2,20,2.9,Happy
1966,18,Female,6565,441.6,6.6,24,3.01,Neutral
1848,24,Male,15947,797.2,9.8,66,1.81,Tired
1083,44,Female,8930,663.1,7,29,2.61,Tired
1360,38,Female,7517,475.6,5.1,21,2.5,Neutral
1688,45,Male,15287,763.7,5.6,42,2.72,Neutral
1147,33,Female,12829,680.8,6.6,0,2.59,Happy
1629,40,Female,3422,320.6,5.8,38,2.49,Tired
1341,37,Male,14960,876.2,8.4,57,2.41,Neutral
1475,55,Male,9865,608.4,4.9,66,3.27,Happy
1062,42,Female,6985,541.1,6.8,71,1.9,Tired
1700,45,Male,7947,532.1,8.5,68,2.38,Happy
1359,22,Female,14790,782.6,6.1,42,3.26,Neutral
1560,38,Male,15739,777.4,7.7,69,1.93,Happy
1326,35,Female,11971,758.5,6.9,36,1.97,Tired
1768,23,Male,4668,436.3,7,0,3.01,Neutral
1735,46,Female,11744,723.9,7.8,21,1.5,Tired
1140,36,Female,5509,466.6,4.2,88,2.96,Happy
1989,50,Female,3500,304.5,8.8,81,2.16,Happy
1214,18,Male,10904,649.4,4.2,0,2.79,Happy
1434,20,Male,17683,900,8.7,80,1.65,Neutral
1890,59,Female,13416,783.9,7.7,30,3.33,Happy
1951,38,Female,15833,841.1,7.7,46,1.65,Neutral
1722,52,Male,19290,900,9.4,54,3.01,Happy
1317,58,Male,3485,366,8.8,0,1.68,Happy
1031,57,Male,15003,866.2,8.2,87,3.77,Neutral
1669,20,Male,8459,548.4,6.6,80,2.45,Neutral
1284,42,Male,7120,466.2,6.5,60,3.87,Neutral
1304,55,Male,9485,627.9,8.3,62,1.93,Tired
1428,37,Female,15251,846.7,7.7,68,2.19,Happy
1476,51,Male,19257,900,7.5,30,3.35,Tired
1285,38,Female,7172,444.6,6.9,86,1.5,Happy
1143,40,Male,19472,900,6.4,70,2.01,Happy
1423,23,Male,7487,459.8,4.9,71,2.85,Happy
1018,30,Female,10964,677.4,8,62,1.79,Happy
1017,40,Female,12055,627.4,6.7,77,2.87,Tired
1768,26,Male,7880,472.8,6.6,89,2.62,Happy
1589,34,Female,1528,275.7,4.3,48,1.44,Tired
1370,19,Female,11325,681.9,7.1,50,3.18,Neutral
1174,36,Female,19308,900,5,47,1.62,Tired
1193,36,Female,18246,900,6.3,69,3.04,Happy
1501,24,Male,11554,717.8,8.2,55,2.59,Tired
1987,59,Female,16413,863.5,7.1,38,2.18,Tired
1112,59,Male,15127,814.7,6.8,86,1.73,Neutral
1113,37,Male,19026,900,5.9,31,2.73,Neutral
1221,26,Male,16693,831.6,6.2,43,1.89,Neutral
1677,34,Male,10212,664.8,9.4,84,3.35,Happy
1946,44,Female,6196,415.7,8.2,0,3.37,Tired
1830,19,Female,14850,878.9,6.3,45,3.65,Tired
1643,53,Male,7999,478.7,6.8,0,2.7,Neutral
1896,36,Male,8322,549,7.4,77,2.22,Happy
1263,34,Male,4143,369.2,7.7,61,2.29,Happy
1924,22,Male,14812,786.8,7,48,2.24,Happy
1054,56,Female,18854,900,4.3,48,2.67,Neutral
1870,35,Male,6678,506.6,7,28,2.81,Happy
1642,24,Female,2382,322.1,6.9,21,3.36,Happy
1799,34,Male,10528,567.9,10,21,2.51,Happy
1777,56,Male,8114,466,10,37,1.52,Neutral
1457,53,Male,10434,555.8,8,88,2.21,Neutral
1978,57,Male,2705,296,6,76,3.59,Tired
1877,21,Female,6997,585.6,8,42,1.41,Tired
1161,55,Female,8962,556,4.5,38,3.02,Tired
1379,42,Female,12391,800.7,6.2,38,2.23,Neutral
1992,22,Male,15535,819.7,4.6,77,1.88,Tired
1086,47,Male,19978,900,7.8,68,2.78,Happy
1054,29,Female,13129,754.9,5.2,64,3.59,Neutral
1475,21,Female,18699,900,6.6,0,2.74,Neutral
1799,41,Male,9759,601.7,6.9,69,2.32,Tired
1177,46,Male,3704,263,7,30,1.59,Happy
1390,26,Female,6725,424.5,6.3,0,2.43,Happy
1348,21,Male,1124,160.9,7.5,28,1.57,Neutral
1007,41,Male,10729,665.4,5.1,33,2.28,Neutral
1832,31,Female,13767,682.5,9.6,40,2.46,Tired
1312,22,Male,5807,502.9,5.4,0,0.85,Happy
1758,35,Female,19354,900,7.1,0,3.47,Neutral
1834,59,Male,17009,900,7.9,88,1.63,Happy
1983,36,Female,18198,895.6,8,28,2.37,Neutral
1982,29,Male,4101,307.9,8.2,86,2.87,Tired
1442,35,Female,2654,288.8,4.6,37,3.42,Neutral
1766,34,Female,17515,900,5.6,31,1.95,Neutral
1327,47,Female,1394,361.5,7.2,35,0.74,Neutral
1053,41,Female,8319,558.2,7.7,56,3.26,Tired
1760,28,Male,4573,317.1,8.9,39,1.63,Tired
1238,52,Male,10173,558.3,6.2,0,2.75,Tired
1228,40,Female,8106,449.8,5.6,34,2.8,Neutral
1578,34,Male,12147,679.4,6.2,44,0.5,Neutral
1050,18,Male,6060,428.5,10,36,1.37,Happy
1608,32,Male,17326,886.2,9.3,31,2.18,Tired
1603,49,Male,13842,700,6.7,61,0.69,Tired
1263,26,Male,11933,618.6,8.9,58,1.56,Neutral
1417,32,Female,7632,510,6.1,75,2.59,Tired
1802,45,Female,7755,534.4,8.4,72,2.44,Happy
1095,41,Female,12130,626,4.9,66,2.71,Tired
1087,52,Female,6589,487.2,7.5,44,2.81,Tired
1077,39,Male,12612,751.8,8.5,69,1.32,Tired
1287,44,Male,15843,717.2,6.5,52,1.6,Happy
1119,36,Female,19888,900,7.9,48,3.03,Happy
1813,29,Male,13015,755.7,6.2,22,3.57,Tired
1490,37,Male,13672,794.7,7.5,58,1.82,Happy
1911,18,Female,3976,308,6.3,23,2.68,Neutral
1451,38,Male,18855,900,8.2,56,3.06,Tired
1499,18,Female,12891,760.7,5.1,25,2.67,Happy
1164,27,Female,7595,471.2,5.5,29,2.33,Happy
1181,49,Male,18526,900,9,31,2.05,Happy
1468,56,Male,14404,769.3,3.3,85,3.89,Neutral
1909,39,Female,19952,900,6,22,2.57,Happy
1734,35,Female,18992,900,6.8,84,2.77,Neutral
1822,49,Male,13825,761.4,7.5,83,2.73,Neutral
1943,44,Female,19281,900,6.3,54,1.93,Happy
1977,45,Female,3192,288.1,5.3,0,2.54,Neutral
1006,35,Female,13264,750.2,8.8,66,2.27,Happy
1329,56,Male,2091,311.6,8.6,71,2.26,Happy
1774,46,Female,18083,900,6.4,53,2.72,Happy
1672,35,Male,11093,562.8,4.3,44,1.86,Tired
1150,25,Female,3178,297.9,7.5,88,1.66,Neutral
1084,48,Male,18116,882.4,7.3,48,2.85,Neutral
1146,51,Female,14592,870.2,6,83,2.13,Happy
1623,24,Male,9704,594.1,4.1,72,2.26,Neutral
1380,53,Male,3687,333.5,6.6,77,1.15,Happy
1914,35,Male,4756,362.3,8.1,60,3.17,Neutral
1547,55,Female,7061,476.2,8.4,70,2.87,Neutral
1284,26,Female,9623,622.5,6.9,37,3,Happy
1699,26,Female,5494,328.3,6.1,60,2.77,Happy
1081,25,Male,2279,302.7,8.1,80,1.44,Happy
1513,52,Female,7538,476.3,5.3,43,2.66,Neutral
1896,35,Male,3221,350.4,5,66,2.07,Tired
1814,22,Female,6164,486.5,6.9,0,1.83,Tired
1708,31,Male,1854,239.4,9.3,55,2.85,Neutral
1915,45,Male,4212,300,9.4,0,3.66,Neutral
1522,47,Male,19970,900,5,0,3.55,Happy
1745,21,Female,15385,879.8,6.3,88,2.94,Happy
1385,56,Female,13530,783,10,45,2.48,Happy
1706,37,Female,4340,354.7,6,73,2.35,Neutral
1470,42,Male,10811,600.7,9.4,63,1.87,Happy
1118,45,Male,1275,223,8.5,52,2.31,Happy
1395,29,Female,13295,666.9,8.8,45,3.14,Neutral
1531,19,Female,1714,307.8,6.3,41,3.78,Tired
1260,31,Female,7054,530.5,6.4,39,1.93,Happy
1804,39,Male,1809,253,5.6,21,1.1,Tired
1933,48,Male,14215,743.6,8.2,60,2.13,Happy
1255,40,Male,10053,567.2,4.5,73,3.13,Happy
1733,37,Male,1036,218.9,6.8,76,3.95,Happy
1904,55,Male,11273,614.2,9.5,37,3.42,Neutral
1225,21,Female,13499,732.2,7.9,0,3.4,Neutral
1052,32,Male,12403,735.4,8.5,65,1.91,Happy
1939,41,Male,16037,875.6,4.5,0,1.93,Happy
1866,42,Male,15017,758.7,5.5,41,1.57,Neutral
1499,18,Male,18365,900,8.8,22,2.03,Neutral
1505,24,Male,15696,860.1,7.2,0,3.14,Tired
1853,48,Female,7447,450.9,5.4,21,3.64,Neutral
1363,29,Male,13583,750.4,7.9,47,2.74,Happy
1279,59,Male,1151,306.7,6.2,53,2.32,Neutral
1592,22,Male,15257,798,10,72,1.75,Tired
1713,59,Female,12486,598.5,7.9,78,2.42,Tired
1157,55,Female,14507,654.4,5.6,29,2.64,Happy
1631,29,Female,10514,636.1,8.3,21,1.48,Neutral
1058,56,Male,6648,471.2,9.4,67,3.15,Tired
1726,35,Female,2511,309.8,7,25,2.2,Tired
1127,19,Male,19642,900,5.8,63,3.1,Tired
1735,27,Male,17615,830.6,7.1,73,2.49,Happy
1720,32,Female,8749,509.6,6.1,55,2.71,Tired
1881,47,Male,1571,284,6.6,27,2.01,Neutral
1114,34,Male,18586,900,4.9,0,2.26,Happy
1208,21,Male,13232,716.4,8.3,52,2.95,Neutral
1525,24,Female,10762,558.9,5.3,38,2.41,Neutral
1520,58,Male,14217,785.7,7.9,0,1.73,Tired
1551,48,Male,10231,611.8,6.5,70,2.58,Happy
1961,56,Female,7609,451.4,7.3,42,2.77,Happy
1236,51,Male,15629,726,6.3,20,3.46,Neutral
1280,23,Male,13273,759.5,7.3,78,3.31,Happy
1358,55,Female,17554,871.3,7.6,22,2.45,Happy
1200,51,Male,6151,455.4,6.5,29,2.12,Happy
1757,32,Male,7406,503.7,4.4,68,2.34,Happy
1277,31,Male,15294,754.4,7.5,75,2.13,Tired
1234,23,Male,15893,856.6,7.6,35,2.85,Neutral
1493,54,Male,1188,204.5,4.9,58,3.23,Neutral
1003,49,Female,14073,688.2,5.5,63,3.37,Happy
1665,20,Female,8145,444.6,6.5,27,2.21,Happy
1441,20,Female,6927,476.9,3.6,27,2.14,Neutral
1028,39,Female,1599,343.7,8.1,64,2.21,Neutral
1108,39,Male,14133,767.4,6.3,0,1.15,Tired
1609,27,Male,13209,817.5,7.4,0,1.66,Happy
1726,20,Male,12524,773.4,5.4,36,2.48,Neutral
1804,29,Male,15317,838.5,10,74,2.77,Tired
1074,46,Male,10145,684.5,4.9,75,2.84,Tired
1837,34,Female,15357,887.3,6.3,63,1.95,Happy
1145,24,Female,10817,691.6,8.8,72,2.16,Tired
1127,30,Male,2870,220.6,5.3,0,2.31,Tired
1852,19,Male,19408,900,7.1,58,2.23,Tired
1041,21,Male,13521,706.2,7.9,0,2.98,Tired
1355,27,Female,6453,516.7,4.7,44,1.58,Tired
1040,56,Male,2827,297.7,6,0,1.7,Happy
1933,41,Male,17923,900,7.3,87,2.29,Happy
1033,34,Male,17225,894.1,7.7,51,1.54,Happy
1016,23,Female,8202,526.7,5.8,60,1.17,Happy
1676,36,Male,5438,398.6,9.8,26,1.45,Neutral
1152,22,Female,13139,716.3,7.7,37,2.33,Happy
1997,49,Female,12218,702.2,8.2,36,2.94,Happy
1377,27,Female,13924,753.7,8.1,78,2.96,Happy
1587,26,Female,7716,485.4,4.7,30,3.61,Tired
1598,44,Female,17088,863.2,6.8,70,2.57,Tired
1628,30,Female,7818,603.8,7,26,2.67,Tired
1873,36,Male,5286,511.3,6.6,46,2.32,Happy
1341,38,Male,5739,406,7.3,0,2.36,Neutral
1980,41,Male,3089,366,3.8,56,3.96,Neutral
1026,55,Female,6605,422.8,7.2,24,2.68,Happy
1824,21,Male,7822,496.5,6.5,81,2.74,Neutral
1286,41,Female,4321,318.5,3.8,74,1.7,Neutral
1645,52,Female,12773,761.9,7.6,0,2.79,Happy
1730,20,Female,19933,900,5.2,75,2.96,Tired
1167,21,Male,2216,322.4,6.4,70,3.28,Neutral
1609,54,Female,5885,479.8,6.6,87,2.94,Tired
1267,57,Female,13170,683.3,4.2,0,2.41,Happy
1748,52,Male,9933,581.1,4.4,80,2.38,Tired
1820,48,Male,10906,658.5,7.8,52,2.45,Neutral
1454,42,Female,13236,712.2,6.1,74,2.58,Tired
1905,57,Female,3797,355.4,6.4,37,3.39,Tired
1684,30,Male,1818,232.7,7.1,31,3.25,Tired
1400,21,Male,9434,643.8,4.4,40,3.03,Happy
1921,31,Male,8926,604,6.4,0,3.92,Happy
1980,30,Female,13717,810.5,6.8,40,0.64,Happy
1475,44,Male,13069,755.7,9.6,41,2.18,Happy
1701,23,Male,1012,185.8,5.6,74,2.49,Tired
1633,34,Male,6894,451.8,8.2,0,2.03,Neutral
1557,53,Female,8392,500.6,7,60,1.85,Tired
1575,57,Male,17102,871.2,5.3,24,1.3,Tired
1129,52,Male,1689,320.4,6.1,63,2.28,Tired
1821,34,Male,12932,643.6,8.3,35,3.13,Neutral
1362,58,Male,12766,681.5,8.2,54,3.04,Neutral
1704,19,Male,14292,752,6.2,24,1.97,Neutral
1818,30,Female,15863,768.8,7.5,81,2.65,Tired
1692,19,Female,18386,900,5.4,45,3.45,Happy
1291,45,Female,8408,519.2,6.7,80,1.44,Happy
1370,43,Male,11694,723.4,6.4,70,2.39,Tired
1793,39,Female,9142,551.9,8.4,88,2.7,Happy
1028,20,Female,2765,333.5,7.7,75,2.51,Happy
1148,52,Female,16237,855.2,6,0,3.1,Tired
1778,29,Male,6778,347,6.1,55,1.45,Tired
1295,41,Male,3291,259.9,7,43,1.8,Happy
1010,22,Female,5866,453.8,6.8,49,2.98,Tired
1511,37,Female,9429,594.1,6.6,88,1.31,Happy
1675,56,Male,11584,659.9,6.5,67,3.07,Neutral
1112,56,Male,12747,776.4,9.1,0,2.81,Neutral
1186,30,Female,18968,900,6.3,52,3.02,Tired
1806,58,Male,2307,370.8,7.4,88,2.17,Happy
1743,29,Female,3085,200.4,10,69,2.86,Neutral
1226,30,Male,17415,900,5.7,42,1.68,Tired
1309,27,Female,1291,221.3,7.3,29,2.21,Neutral
1097,50,Female,4686,388.7,7.4,0,2.53,Neutral
1054,57,Male,13579,802.5,7,36,1.87,Tired
1622,33,Female,2642,199.9,7.1,72,2.65,Neutral
1663,52,Female,9769,578.1,5.7,27,1.7,Tired
1757,20,Female,4909,446.8,7.5,63,2.69,Tired
1405,22,Male,18607,900,4.2,0,3.72,Neutral
1068,43,Male,13268,776.4,9.7,25,1.62,Neutral
1311,28,Male,11844,707.6,9.6,56,2.48,Happy
1288,24,Female,9638,594,6.5,73,1.37,Neutral
1761,27,Male,5373,444.9,8.6,42,1.92,Happy
1547,59,Female,12233,754.1,6.6,76,2.99,Tired
1750,51,Female,19963,900,7,70,2.2,Neutral
1147,20,Male,18806,900,6,77,3.02,Neutral
1466,25,Male,8558,498.3,8.2,38,2.75,Tired
1738,48,Female,14271,799.9,6.1,46,2.45,Neutral
1243,28,Female,7745,534.3,8.2,44,1.78,Happy
1490,24,Male,19993,900,6.9,40,2.98,Neutral
1848,19,Male,7734,451.5,7,44,2.71,Happy
1957,23,Male,14860,848.1,4.8,70,1.43,Neutral
1506,58,Female,9250,526,7.1,54,1.82,Neutral
1364,49,Female,9650,703,5.3,89,0.56,Tired
1481,37,Female,17487,855.1,7.1,69,1.54,Happy
1200,51,Female,18125,866.7,9.9,34,2.28,Tired
1153,33,Female,10764,616,4.9,43,1.76,Tired
1449,42,Male,11893,728.1,6.8,68,1.92,Tired
1500,29,Male,13842,771.4,6,87,3.47,Happy
1072,24,Female,5723,512.9,5.4,26,3.22,Tired
1712,56,Female,12604,689.1,5.8,73,2.01,Happy
1295,34,Male,6203,423.6,9.2,57,3.06,Happy
1016,28,Male,3976,322.3,9.6,64,3.35,Neutral
1640,23,Male,8426,510.7,5.4,28,2.93,Happy
1216,40,Male,9619,514.9,7.6,74,2.71,Happy
1060,44,Female,15702,795.6,5.6,71,3.27,Neutral
1938,23,Male,7486,438.9,6,68,3.04,Tired
1615,55,Female,7490,535.5,3.9,74,1.65,Neutral
1041,19,Male,15114,878.6,10,89,2.37,Neutral
1024,39,Male,19328,900,8.6,22,2.11,Neutral
1038,37,Male,6973,445.2,6,87,3.31,Happy
1802,42,Female,14447,815.1,7.4,57,2.09,Neutral
1130,32,Female,16858,872.4,6.4,89,1.97,Happy
1497,46,Male,14171,817.6,8.4,68,3.22,Happy
1228,25,Female,17317,845.4,6.5,0,2.68,Happy
1107,54,Female,6521,417,6.7,64,3.98,Happy
1171,50,Male,13891,791.9,6,48,1.9,Tired
1434,39,Male,17795,900,7.9,68,2.14,Happy
1477,22,Female,11687,713.8,10,43,3.29,Happy
1101,56,Female,1246,206.9,6.6,40,1.6,Neutral
1865,35,Female,12009,702,6.6,42,3.42,Neutral
1523,55,Male,3171,354.2,7,47,1.65,Happy
1274,54,Male,12523,624.1,7.4,51,2.93,Tired
1612,47,Female,16528,860.9,6.6,41,1.21,Tired
1043,48,Male,16276,750.2,6.4,81,2.53,Neutral
1954,27,Male,8457,611.8,7.1,86,1.54,Tired
1816,32,Female,3060,256.5,4.4,0,3.85,Neutral
1956,59,Female,4334,363.9,6.2,84,1.75,Tired
1016,35,Male,14087,763.2,4,0,1.92,Tired
1329,40,Male,1944,229.7,6.3,70,2.87,Tired
1568,50,Female,6361,546.9,5.6,0,2.08,Neutral
1822,33,Male,15638,790.9,7.9,76,2.99,Neutral
1496,55,Male,6284,437.9,5.9,74,2,Happy
1814,52,Female,10244,575.3,6.5,61,1.95,Happy
1011,51,Female,11916,641.7,3.8,0,2.48,Tired
1317,45,Male,10509,614.9,8.5,80,1.65,Tired
1591,19,Male,13764,785.7,5.4,0,2.78,Tired
1215,47,Male,15891,843.6,6.3,20,3.11,Neutral
1338,30,Female,15003,762.2,8.2,0,2.89,Tired
1775,58,Male,10866,634.3,8.2,82,2.95,Happy
1990,33,Male,1333,185,5.3,0,1.15,Tired
1660,22,Female,10456,677.4,7.8,0,2.18,Happy
1080,45,Female,12369,669.5,5.3,69,2.34,Tired
1726,56,Male,14218,746.1,7.3,33,3.52,Tired
1484,37,Female,5656,328.9,5.8,36,2.09,Tired
1373,41,Female,13410,711.1,5.5,49,0.89,Happy
1975,44,Male,3665,430.7,7.1,70,1.8,Happy
1709,47,Female,8131,555.8,5.9,81,2.04,Neutral
1199,44,Female,5935,492.8,10,43,0.99,Happy
1536,43,Male,1415,262.4,6.1,82,3.18,Tired
1465,24,Female,1707,137.3,5.2,0,1.4,Happy
1088,59,Male,3684,350.8,5.7,53,2.81,Tired
1267,55,Male,8494,549.8,7,78,1.74,Tired
1654,22,Female,7180,532,7.2,84,3.55,Happy
1570,40,Female,15011,798.6,7.5,52,2.31,Neutral
1921,45,Female,3559,303.8,8.4,0,2.16,Happy
1488,51,Male,9137,560.5,4.5,0,2.87,Happy
1876,32,Female,4971,381.7,8.4,31,1.79,Tired
1537,49,Male,3957,384.5,5.6,85,2.9,Happy
1046,43,Female,19113,900,7.6,21,2.16,Neutral
1287,48,Female,11093,594.2,9.6,89,2.08,Tired
1777,36,Female,13951,786.4,5.8,47,2.44,Happy
1015,26,Male,1026,204.1,5.7,61,1.74,Neutral
1710,46,Female,3583,327.5,5.5,22,2.37,Tired
1400,56,Female,4055,339,6.5,67,2.74,Neutral
1918,21,Male,7801,523.9,8.9,32,0.88,Neutral
1793,20,Male,2658,237.8,5.3,76,3.26,Tired
1980,46,Female,4951,399.6,6.3,22,3.07,Happy
1085,28,Female,8299,586,8.5,82,1.2,Neutral
1249,50,Female,10933,642.1,7.9,57,1.09,Tired
1390,55,Male,13279,697.8,6.3,78,3.09,Happy
1781,28,Male,5137,387.2,6.7,47,3.04,Neutral
1334,44,Male,12423,711.7,8.4,45,2.94,Tired
1628,50,Male,2714,336.6,9.4,84,1.5,Neutral
1518,38,Female,12388,770.7,9.6,80,3.78,Happy
1136,56,Male,4347,292.6,9.1,0,1.97,Happy
1882,48,Male,2986,332.6,6,0,2.67,Happy
1687,55,Male,4544,391,9.7,51,2.68,Tired
1839,19,Female,18085,900,5.9,0,3.62,Happy
1497,44,Female,10646,643.6,4.5,46,2.59,Happy
1826,53,Male,4786,380,7.2,32,2.79,Tired
1726,28,Male,15415,766.7,9.2,36,2.45,Happy
1476,35,Female,19855,900,8,0,1.66,Happy
1593,18,Female,15284,843.8,6.9,0,0.88,Happy
1222,52,Female,7659,504,7.4,55,2.52,Tired
1989,52,Female,4044,414.7,7.8,66,1.51,Happy
1371,48,Female,4883,383.5,7.2,85,2.75,Neutral
1934,45,Female,16351,877.1,6.6,51,2.6,Tired
1994,56,Female,19204,889.1,5.9,51,2.59,Neutral
1401,18,Female,16762,900,7.2,89,1.76,Tired
1442,42,Male,19847,900,6.8,74,3.23,Tired
1489,55,Male,4371,350.4,7,59,2.83,Tired
1614,37,Male,9527,567.8,8.6,47,1.67,Neutral
1272,20,Male,11116,597.2,6.6,50,3.95,Happy
1525,19,Male,3788,293.1,6.7,50,2.35,Happy
1158,35,Male,5125,407.1,7.3,45,1.57,Happy
1151,27,Female,4606,389.9,10,23,1.97,Happy
1994,22,Female,18924,900,5.4,77,1.44,Tired
1619,26,Male,9766,588.9,8.6,0,3.45,Tired
1187,19,Male,1220,244.6,6.6,88,3.26,Neutral
1812,51,Female,11205,588,6.9,79,3.02,Happy
1097,55,Female,11833,649,5,0,2.89,Tired
1130,48,Female,1753,278.2,9.8,45,3.37,Happy
1804,27,Male,14875,768.1,7.3,86,2.33,Happy
1170,29,Female,8488,554.1,8,87,2.8,Neutral
1935,53,Male,8206,521.5,4.8,74,1.93,Tired
1985,38,Male,10680,620.1,6,66,2.39,Happy
1182,23,Female,8938,567.9,7.6,0,2.82,Neutral
1982,20,Female,19345,900,6.8,35,0.5,Neutral
1363,27,Male,6958,513.7,7.7,77,2.07,Happy
1038,22,Female,16770,900,10,20,2.62,Happy
1526,43,Female,7635,548.6,7.8,0,2.45,Neutral
1887,38,Male,9629,511.1,6.3,25,2.18,Neutral
1496,43,Female,18166,872.4,6,71,2.91,Happy
1515,55,Male,13869,741,5.9,38,2,Happy
1348,43,Male,17603,866,6.4,62,1.64,Neutral
1981,25,Female,10219,628.3,6.4,38,3.33,Tired
1920,22,Male,9029,586,7.2,0,3.23,Neutral
1396,32,Male,17272,866.7,7.8,51,2.08,Neutral
1721,33,Female,17673,900,7.7,84,2.45,Tired
1160,18,Female,17763,900,7.2,0,3.09,Happy
1015,33,Female,13165,636,7.3,32,2.53,Neutral
1492,54,Male,12043,610.3,10,55,2.87,Happy
1425,20,Male,10570,677.7,5.9,89,2.83,Tired
1107,48,Female,7886,558.9,6.9,46,2.28,Neutral
1893,30,Male,2958,343.5,4.3,43,2.86,Happy
1449,33,Female,11319,653.3,6.4,39,1.82,Happy
1310,38,Female,3183,322.2,5.7,28,2.78,Happy
1738,19,Male,4774,417.8,5.9,0,2.45,Happy
1169,44,Female,15272,819.7,5.2,20,2.25,Happy
1545,55,Male,1777,336.5,5,0,1.63,Happy
1413,43,Male,3566,308.6,7.2,20,2.59,Neutral
1250,55,Female,11095,644.7,8.1,63,2.53,Neutral
1758,42,Male,11953,722.6,5.8,0,1.91,Tired
1780,28,Female,8404,544.4,4,36,1.38,Happy
1140,25,Male,1078,276.8,7.2,85,1.35,Tired
1273,25,Male,2581,336.2,7.7,42,2.32,Neutral
1415,50,Male,15066,781.4,8,60,2.71,Tired
1607,24,Female,8967,507.6,5.5,0,3.79,Neutral
1738,55,Male,8839,516.2,6.1,44,2.47,Neutral
1890,38,Female,3162,272.3,5.3,36,1.36,Tired
1038,25,Male,18869,862,5.9,38,2.36,Neutral
1813,38,Male,14913,851.1,5.8,65,3.38,Neutral
1028,37,Female,1964,184.3,6.2,54,2.02,Tired
1957,25,Female,11739,762.6,6.6,0,3.28,Tired
1476,48,Female,3673,320.5,7.2,63,2.62,Happy
1317,46,Female,6293,437.8,5.7,28,2.95,Tired
1244,26,Female,2718,233,6.8,51,3.8,Neutral
1747,32,Male,11624,684.2,5.6,78,1.21,Happy
1696,47,Male,2228,276.1,4.4,61,3.13,Neutral
1271,43,Female,11602,667.1,7.8,81,2.43,Tired
1439,27,Male,2840,274.2,6,38,1.84,Neutral
1747,46,Male,17881,900,4.4,54,2.43,Tired
1238,33,Male,17920,875.6,7.8,0,3.68,Tired
1376,53,Female,8124,528.9,6.6,62,3.43,Tired
1265,37,Male,10356,637.3,7.7,64,1.1,Happy
1925,54,Male,19355,900,7.6,25,1.96,Tired
1920,39,Male,8587,583.8,5.4,32,3.16,Neutral
1358,24,Female,4527,385.6,8.4,30,2.48,Happy
1339,40,Male,1299,251.6,4.3,0,2.49,Happy
1388,58,Male,19770,900,6.4,88,1.4,Happy
1576,57,Female,13590,781.9,6.3,26,1.98,Neutral
1989,46,Female,4963,361.3,5.8,74,1.55,Tired
1688,33,Male,5687,472.6,8.8,74,1.34,Happy
1002,55,Male,5171,360,7.5,38,1.62,Tired
1428,45,Female,14067,785.5,4.9,0,1.85,Tired
1141,55,Female,4695,414.9,5.1,28,1.97,Neutral
1375,48,Female,10112,570.9,10,39,1.91,Happy
1669,31,Female,8242,452.6,6.3,44,3.21,Neutral
1323,50,Female,10941,624.4,5.8,0,1.86,Happy
1145,26,Female,3700,216.5,8.7,69,3.5,Happy
1957,44,Female,18389,900,4.3,57,2.16,Tired
1292,41,Male,19085,900,9.1,85,2.81,Tired
1664,30,Female,14339,900,5.8,76,2.83,Happy
1431,43,Female,16834,900,7.8,41,1.87,Happy
1704,46,Male,12084,687,6.3,75,2.27,Tired
1948,45,Female,4162,433.1,4.6,55,2.15,Happy
1974,45,Female,9306,607.5,7.3,70,2.76,Happy
1584,25,Male,14137,707.3,8.4,87,2.41,Happy
1398,40,Female,3137,294.2,3.5,20,1.98,Neutral
1816,46,Male,17414,900,5.3,67,2.58,Happy
1888,22,Male,6948,429.9,8.9,52,2.74,Happy
1343,59,Male,15693,847.5,7.6,43,3.8,Tired
1963,24,Male,17099,900,7.7,68,2.55,Tired
1139,59,Female,17210,875.4,8.4,88,2.51,Neutral
1186,53,Male,19189,900,7.7,77,2.8,Tired
1804,58,Male,4569,424.3,7.2,67,1.84,Happy
1060,44,Female,13977,798.3,8.7,76,1.29,Neutral
1996,19,Male,12620,727.2,6.4,83,2.28,Happy
1938,42,Male,1456,257.6,7,72,3.25,Happy
1379,26,Male,17832,900,8.2,79,3.36,Happy
1709,44,Male,1067,141.6,5.9,0,1.18,Neutral
1806,18,Female,2862,388.3,9.1,60,2.97,Tired
1439,40,Male,19186,900,7.4,45,0.97,Tired
1318,27,Female,13754,713.4,5.3,78,2.82,Tired
1301,59,Female,12623,734.9,6.7,68,2.78,Happy
1343,42,Male,8554,570.7,4.9,0,1.29,Neutral
1010,20,Male,9319,523.9,7.1,0,3.2,Tired
1061,23,Male,6895,479.2,6.4,0,3.72,Neutral
1844,23,Male,14020,762.7,5.7,0,2.46,Neutral
1225,19,Female,13202,726.7,4.3,76,2.6,Happy
1152,35,Female,6515,541.8,5.8,59,3.54,Neutral
1710,40,Female,1367,253.7,6.7,0,1.71,Tired
1563,19,Male,16640,859.1,6.4,0,1.73,Tired
1771,29,Female,16461,824.4,4.9,43,1.91,Neutral
1570,39,Male,15897,794.6,7,0,2.53,Neutral
1583,54,Male,1058,261.9,5.5,65,2.52,Neutral
1659,37,Male,9294,548.3,8.4,87,2.11,Neutral
1860,56,Male,5507,410.9,8.6,73,2.29,Tired
1574,41,Male,18169,900,6.6,52,2.12,Tired
1309,37,Female,15752,833.3,9.4,0,2.16,Happy
1884,18,Female,16475,865.7,6.8,54,1.96,Neutral
1242,18,Male,13137,732,5,0,1.97,Tired
1492,34,Female,15334,844.6,8.8,66,1.1,Neutral
1365,18,Male,19830,900,9.4,24,2.34,Tired
1329,47,Male,16114,900,8.5,56,1.13,Happy
1106,58,Male,17035,863.3,5.9,20,3.03,Tired
1225,20,Female,19749,900,5.1,75,2.11,Tired
1824,28,Male,5701,375.4,6.5,0,2.42,Happy
1217,41,Male,8417,508.4,10,83,2.24,Neutral
1936,39,Female,10558,657.7,5.2,27,2.33,Tired
1752,43,Female,12057,716.1,8.2,83,3.38,Happy
1505,30,Female,10214,638.6,6.9,76,1.55,Happy
1258,18,Male,12322,663.4,8.4,47,1.36,Happy
1887,41,Male,16886,846.3,5.1,45,2.58,Tired
1773,27,Female,12036,688,6.6,53,2.15,Neutral
1516,52,Male,15060,789.8,5.7,0,2.75,Tired
1772,41,Female,18873,900,5.7,39,3,Tired
1053,45,Female,14607,770.4,8.1,33,1.73,Tired
1046,53,Male,3334,318,5.3,42,2.92,Happy
1726,33,Male,17096,802.5,7.4,86,1.78,Neutral
1688,57,Female,1202,291.8,7.1,38,2.55,Tired
1520,33,Female,1230,265.3,5.6,58,1.63,Neutral
1098,34,Female,12320,578.5,5.9,56,2.59,Tired
1019,32,Female,12683,729.6,7.5,20,2.49,Neutral
1889,33,Male,3962,338.4,7,0,1.73,Happy
1752,32,Female,3327,371.9,7.1,34,1.55,Neutral
1572,51,Female,3784,346.1,6.7,20,3.03,Happy
1890,28,Female,14485,739.2,6.6,0,2.18,Happy
1489,18,Male,1803,358.6,7,71,3.21,Neutral
1418,32,Male,13553,820.7,9.2,62,2.12,Tired
1689,43,Female,15582,814,7.8,65,3.41,Tired
1849,21,Male,12093,702.4,6.8,69,1.84,Tired
1061,22,Male,7396,472.9,5.4,39,3.53,Tired
1144,52,Male,15810,747.1,6.4,81,2.62,Neutral
1215,30,Female,17559,900,5.6,0,2.78,Tired
1002,27,Female,10636,585.6,5.8,24,1.8,Tired
1159,28,Male,16306,900,4.2,85,3.01,Happy
1738,35,Female,13195,762.7,7,0,3.03,Neutral
1997,51,Female,6691,482,10,76,2.27,Happy
1780,56,Male,4532,379.2,7.3,79,1.01,Happy
1119,58,Male,17223,900,8.1,74,1.72,Tired
1892,59,Female,18927,900,8.4,85,1.72,Tired
1088,40,Male,11346,720.6,6.6,46,2.81,Neutral
1328,24,Female,14482,786.4,6.7,47,2.17,Happy
1579,56,Female,6456,533,4.9,56,2.19,Tired
1909,20,Male,4413,370.4,7.3,0,2.1,Happy
1356,29,Female,8085,530.5,7.1,70,3.53,Tired
1609,24,Female,10332,626.5,5.7,32,2.53,Tired
1266,43,Male,5807,461.1,8.7,0,2.64,Tired
1616,50,Male,8386,626,5.8,0,2.07,Tired
1951,54,Male,2940,295.7,10,20,2.48,Neutral
1322,32,Female,1656,259.8,7.6,44,1.82,Happy
1634,19,Male,3503,339.2,7,45,2.74,Happy
1987,58,Male,18042,805.9,9.9,32,1.7,Neutral
1540,24,Male,12030,653.5,3.6,38,3.02,Neutral
1648,49,Male,14138,741,6.6,29,1.99,Neutral
1194,21,Female,15601,900,6.3,64,3.16,Tired
1920,37,Female,16646,878.8,6.7,34,3.84,Tired
1737,53,Male,11645,690.5,7.3,50,2.5,Happy
1331,49,Female,15628,751.7,6.7,27,3.42,Neutral
1169,45,Male,7498,496.8,9.1,49,3.03,Happy
1520,30,Male,14789,838.4,7.7,20,1.5,Neutral
1462,18,Female,13195,853.6,7.7,0,2.58,Happy
1039,52,Female,19722,900,7.7,0,2.85,Neutral
1536,47,Male,17494,809,5.1,46,2.92,Neutral
1260,53,Male,2718,270,7.3,59,2.62,Tired
1394,42,Female,1125,206.4,7.4,0,2.62,Happy
1954,33,Male,17046,843.7,5.3,89,2.5,Tired
1225,36,Female,6917,522.1,8.3,76,2.59,Tired
1983,18,Male,11394,672.9,3.9,67,1.64,Happy
1123,22,Male,18988,900,10,59,2.33,Tired
1974,39,Female,8590,614.4,6.9,58,1.48,Neutral
1037,41,Female,3082,417.9,5.7,0,2.15,Neutral
1327,54,Female,13134,640.1,7.9,0,2.09,Neutral
1250,53,Female,16058,900,7.9,0,2.04,Neutral
1900,53,Female,15301,803.5,10,42,1.76,Tired
1175,21,Female,6093,396.6,9.7,0,2.69,Happy
1601,53,Female,1284,178.6,5,81,2.28,Tired
1913,35,Male,6566,440,6.6,53,2.21,Happy
1453,33,Male,11757,644.2,5.6,36,1.51,Happy
1036,58,Male,9218,576.1,8.1,67,2.29,Tired
1315,35,Female,19658,900,9.1,72,3.3,Tired
1687,39,Female,4972,373.5,5,0,3.31,Neutral
1972,19,Female,14679,716.8,6.9,30,2.76,Happy
1795,38,Male,12573,686.4,6.1,34,2.29,Happy
1964,53,Female,5113,456.6,8.3,30,2.89,Happy
1972,56,Female,15378,802.7,7.6,0,2.03,Neutral
1592,56,Male,11328,685.7,8.8,66,2.29,Happy
1113,46,Female,18673,900,6.4,27,1.98,Happy
1039,43,Male,11373,658,6.8,24,3.14,Neutral
1300,38,Male,19895,900,7.6,0,3.05,Tired
1223,34,Female,6720,420.4,6.6,0,2.48,Neutral
1317,33,Female,18539,889.5,7.4,40,3.71,Neutral
1348,48,Female,6153,400.7,8.9,31,2.79,Tired
1114,26,Male,7226,506.3,10,0,2.75,Happy
1697,48,Male,3976,361.7,6.3,0,2.67,Tired
1322,31,Male,6251,485.5,10,29,1.62,Happy
1567,54,Female,4499,376.2,6.2,35,1.87,Neutral
1039,19,Female,17587,893.7,8.3,0,2.46,Happy
1865,31,Female,19206,900,6.3,0,2.47,Neutral
1039,50,Female,11736,754.3,5.5,23,2.91,Happy
1858,52,Male,9633,527.2,8.8,41,2.03,Neutral
1972,56,Male,7971,472.8,6.9,54,2.55,Happy
1748,37,Male,10507,622.3,8.9,33,2.56,Happy
1288,19,Male,14158,867.9,8.1,50,2.59,Happy
1261,58,Female,12108,630.7,7.6,89,2.51,Tired
1215,36,Female,13077,722.6,7.8,0,1.52,Neutral
1146,54,Female,5175,363.1,8.6,55,0.92,Neutral
1335,35,Male,3859,374.3,8.4,43,1.84,Neutral
1167,33,Male,3962,255.3,6.4,59,2.13,Tired
1091,21,Female,14616,732.8,7.6,0,1.68,Tired
1352,29,Female,18751,900,9.3,40,2.46,Tired
1570,46,Male,13857,754.7,7.1,70,3.26,Tired
1570,24,Female,6210,411.1,6.3,74,3.01,Happy
1815,31,Male,3909,354.1,6.1,23,2.83,Neutral
1680,29,Male,11408,653.2,8.3,81,3.19,Happy
1780,52,Male,4405,404.2,6.6,44,1.85,Tired
1362,22,Female,16993,775.9,7.5,0,2.18,Tired
1556,34,Female,15923,785.1,6.6,33,2.93,Happy
1344,59,Male,1820,225.1,8.8,0,2.17,Neutral
1692,49,Female,8255,561.7,7.2,0,2.21,Tired
1169,27,Male,15941,837.3,9.1,57,3.8,Happy
1355,34,Male,12017,752.7,9.1,81,2.57,Happy
1190,22,Male,5453,459.6,6.9,60,3.73,Happy
1666,59,Male,13206,710.9,9,64,1.22,Happy
1421,26,Female,14710,785.9,6.5,35,2.06,Neutral
1699,50,Male,15860,899.1,7.4,38,2.79,Neutral
1006,53,Male,9086,635.1,5.8,56,2.57,Tired
1132,53,Female,16776,866.3,7.9,80,1.06,Tired
1746,35,Male,19050,900,7.5,45,2.34,Neutral
1556,26,Male,8389,430.5,7.8,0,4.23,Neutral
1825,46,Female,12774,605.9,5,32,2.67,Happy
1760,31,Female,3200,351.6,4,53,2.92,Happy
1030,42,Female,13142,748.3,5.3,42,2.05,Happy
1534,32,Male,18367,900,7.7,39,2.67,Tired
1425,23,Female,7051,547.1,8,0,2.49,Tired
1393,59,Female,5115,394.3,8.7,77,3.28,Tired
1671,46,Male,7371,465.4,6.4,78,3.26,Tired
1362,32,Male,7587,562,7.3,39,2.79,Happy
1436,46,Male,11607,716.2,5.9,58,2.55,Tired
1669,21,Male,16234,846.8,9.1,51,1.32,Tired
1550,35,Male,14930,823.1,5.9,60,1.3,Happy
1926,56,Female,10080,635.4,8.8,88,2.56,Happy
1081,33,Female,2883,424.1,6.6,0,3.11,Neutral
1355,28,Female,5821,426.3,9.4,40,3.43,Happy
1257,31,Male,4822,333.9,7.3,43,1.88,Tired
1717,20,Male,9338,604.8,7.2,35,1.44,Happy
1588,59,Male,19100,900,5.9,51,3.15,Tired
1988,55,Female,3477,344.7,10,45,1.93,Neutral
1523,59,Female,14135,763.8,8.5,0,1.4,Neutral
1294,35,Male,10655,546.6,7.8,26,2.15,Neutral
1961,37,Female,11437,670.5,7.4,35,2.14,Tired
1223,42,Male,16332,835.3,6,72,3.42,Tired
1524,55,Female,10502,604.6,8,0,3.11,Neutral
1045,30,Female,1368,234.8,6.9,64,1.98,Neutral
1666,21,Female,14598,782,7.1,0,3.48,Tired
1112,31,Male,3747,362.9,8.3,77,2.59,Tired
1232,50,Female,8562,541,7.4,32,3.24,Tired
1016,45,Female,8139,583.3,7,41,3.43,Tired
1359,54,Male,11010,678.2,9.2,0,2.32,Neutral
1222,25,Female,7704,504.5,5.8,63,2.9,Neutral
1865,51,Male,2887,263.7,4.5,49,2.22,Happy
1699,22,Male,12975,748,5.8,42,3.15,Happy
1447,22,Male,17443,882,7.2,31,2.56,Tired
1855,48,Male,1544,253.2,8,33,3.17,Neutral
1364,26,Male,14555,716.3,5.9,0,3.57,Tired
1674,59,Female,18614,900,10,64,2.88,Happy
1325,49,Male,15813,900,7.3,43,2.43,Tired
1466,50,Male,14333,748,7.2,22,2.45,Happy
1413,20,Male,17942,900,5.1,70,0.5,Happy
1454,47,Male,15684,889.7,4.8,0,2,Neutral
1585,29,Female,9861,568.3,4.3,57,3.15,Tired
1232,46,Male,18454,816.9,9.1,39,3.18,Neutral
1223,20,Female,2050,316.8,8.8,21,1.99,Happy
1993,43,Male,15292,815.6,7,45,2.62,Happy
1830,47,Female,16756,885.8,5.2,21,2.37,Tired
1411,26,Male,5022,403.6,6.6,86,2.98,Tired
1571,43,Male,9336,631.4,9.1,61,4.05,Tired
1334,19,Female,3634,340.5,6.2,59,3,Tired
1221,20,Male,8288,640.1,5.6,28,2.03,Happy
1036,21,Female,9992,634.6,6.4,21,2.45,Happy
1988,42,Male,2485,350,6.6,47,3.48,Happy
1277,30,Female,18056,900,8.1,22,1.51,Neutral
1195,56,Male,13166,742.2,3.7,35,2.07,Neutral
1915,52,Male,18798,867.4,7.3,23,3,Neutral
1863,40,Female,4894,366.9,6,42,3.41,Tired
1483,26,Male,4846,447.7,6.2,25,2.93,Happy
1241,19,Male,15481,815.9,8.1,74,2.08,Neutral
1323,58,Male,10386,559.2,5,27,2.88,Tired
1730,48,Male,19408,900,7.3,83,2.79,Tired
1191,19,Male,18741,900,7.7,86,2.75,Tired
1016,49,Male,15996,837.9,7.9,60,2.43,Happy
1523,35,Female,9048,520.2,8.1,59,2.54,Tired
1917,30,Female,1568,333.9,7.9,46,1.86,Neutral
1400,22,Female,7490,510,8.1,58,4.24,Tired
1905,59,Male,2945,248,5.7,0,2.61,Happy
1885,27,Female,17791,900,9,59,2.88,Happy
1704,42,Male,5228,406.8,5.2,0,2.35,Tired
1021,51,Male,12945,743.1,7.6,56,3.09,Happy
1473,54,Male,9805,607.5,6,86,1.59,Happy
1119,47,Male,8131,546.1,4.4,38,1.28,Neutral
1209,24,Female,3218,311.5,6.1,53,2.48,Neutral
1305,23,Male,15975,855.5,6.8,85,3.94,Tired
1269,20,Female,16609,856.9,9.1,29,3.35,Happy
1703,30,Male,8711,566.5,9.7,71,1.93,Happy
1686,20,Female,12991,710.4,6.8,61,2.86,Happy
1284,43,Female,13105,709.7,4.9,79,2.05,Neutral
1715,41,Female,17877,842,5,21,2.8,Happy
1675,23,Female,16238,849.3,8.2,20,2.85,Neutral
1762,59,Female,4868,406,8.1,69,3.15,Happy
1226,29,Female,12526,793.5,6.1,55,1.4,Neutral
1947,53,Male,11060,666.4,5.2,41,1.61,Tired
1380,19,Female,6433,421.1,8.5,55,2.45,Tired
1459,28,Male,18822,900,5.2,22,1.78,Happy
1006,56,Female,2352,307.5,6.3,63,1.72,Happy
1028,51,Male,9236,532.2,7.7,35,2.69,Neutral
1906,43,Female,19764,900,4,30,1.86,Neutral
1032,35,Female,5560,385,8.4,29,4.08,Neutral
1645,38,Male,17583,886.9,10,70,2.13,Happy
1878,53,Female,16560,899.2,7.2,61,2.31,Neutral
1078,57,Female,5424,317.5,6.9,44,2.71,Happy
1927,39,Female,8847,618.6,7.1,0,1.44,Neutral
1946,47,Male,15195,797.6,7.3,63,2.86,Happy
1458,47,Female,5797,400.2,5.9,27,2.74,Neutral
1569,25,Male,15309,856.7,5.3,53,2.26,Neutral
1982,51,Female,3407,326,6.5,0,2.69,Neutral
1537,26,Female,4791,339.3,7.2,20,2.8,Happy
1481,37,Male,7508,424.2,5.5,22,3.5,Tired
1429,57,Female,15407,851.1,5,71,4.25,Tired
1737,42,Female,10629,663.1,6.3,0,1.76,Happy
1284,36,Male,1126,224.4,5,66,1.59,Happy
1515,22,Female,10812,698.5,8,38,2.57,Tired
1976,28,Male,8694,549.6,3,89,1.04,Tired
1098,32,Male,4319,439.2,5.2,66,2.95,Neutral
1396,25,Male,9673,539.1,9.1,0,2.58,Neutral
1488,36,Female,6431,403.3,6.7,83,2.76,Happy
1038,40,Male,5378,389.4,7.3,64,2.29,Tired
1270,44,Male,19505,900,6.8,0,2.68,Tired
1886,57,Female,12012,738,6.1,64,2.83,Happy
1796,49,Male,7490,514.3,8.6,55,2.64,Tired
1156,43,Female,11563,624.6,6.1,28,1.56,Neutral
1074,44,Female,17622,900,5.8,42,2.62,Tired
1883,36,Female,2420,275.4,8,51,3.8,Tired
1799,59,Female,15672,786.7,4.1,64,2.67,Neutral
1129,46,Male,1340,249.6,6.6,47,2.6,Tired
1686,56,Male,12542,692.1,6.2,71,3.59,Neutral
1973,58,Male,8520,502.5,6.5,30,1.98,Neutral
1083,50,Male,12185,648.6,6.3,38,3.12,Neutral
1021,36,Male,5987,480.2,7.6,83,2.13,Tired
1458,54,Female,13749,771.1,8.6,84,3.26,Neutral
1538,36,Male,6412,503.7,7.7,76,3.06,Happy
1706,50,Male,8670,532.6,6.5,85,2.21,Tired
1848,33,Male,19879,900,7.9,23,2.31,Neutral
1381,40,Female,14766,761.9,8.1,48,3.18,Happy
1747,24,Female,9323,624.3,7.5,23,1.2,Happy
1439,43,Male,2857,234.3,8.6,20,2.19,Neutral
1603,49,Female,15455,890.4,3.5,0,2.93,Happy
1988,29,Male,1504,204.7,7,32,2.28,Neutral
1020,25,Male,8467,577.7,7.5,89,2.59,Happy
1302,22,Female,19540,900,4.8,0,1.07,Tired
1975,59,Female,9484,549.6,7.3,66,1.9,Neutral
1868,45,Male,12842,610.8,8.4,49,2.98,Happy
1954,22,Male,5923,529.6,6.7,46,1.97,Happy
1083,43,Female,10251,638.8,8,0,1.59,Neutral
1773,22,Male,16920,900,8.5,21,3.24,Tired
1658,39,Female,11495,635.2,9,39,2.86,Neutral
1952,32,Male,14319,726.2,8.7,43,1.74,Happy
1452,30,Female,10393,654.5,9,63,2.6,Neutral
1386,45,Male,7900,455.8,6.3,40,1.76,Tired
1506,50,Male,3160,318,6.4,41,2.39,Happy
1256,40,Female,17236,826.9,3.3,77,2.62,Tired
1569,50,Male,7221,495,5.4,30,1.93,Tired
1891,35,Male,11038,545.7,8.8,72,3.02,Happy
1933,47,Female,9255,496.2,6.1,28,3.13,Tired
1526,43,Male,3699,305,7.6,86,2.68,Happy
1161,33,Male,12125,715.7,7.4,71,2.79,Tired
1956,30,Male,16401,829.5,8.9,32,1.48,Tired
1162,56,Female,1372,304.1,4,20,3.45,Happy
1831,50,Female,15544,896.8,7.5,63,2.44,Tired
1792,43,Female,19898,900,7.5,0,1.85,Tired
1791,18,Male,18315,858.7,5.7,24,2.6,Tired
1523,55,Male,2990,367.9,8.4,85,3.02,Neutral
1785,19,Male,10607,547.2,4.9,0,2.86,Tired
1270,23,Male,7790,466.4,8.6,83,1.74,Neutral
1491,55,Female,9553,497.1,3.8,34,3.03,Happy
1207,59,Male,6383,503.5,5.6,87,2.46,Happy
1538,41,Male,16575,891.6,6.8,73,2.85,Happy
1583,35,Male,1715,349.5,7.3,30,1.94,Neutral
1059,44,Female,10837,611.4,4.2,42,3.23,Happy
1429,58,Male,18931,900,8.6,20,2.63,Happy
1984,25,Male,14950,771.8,8.1,61,3.33,Tired
1656,45,Male,8992,493,9.9,0,1.43,Neutral
1604,27,Male,18035,900,8.1,87,1.52,Neutral
1308,34,Male,2050,450.8,5.9,0,2.33,Neutral
1519,46,Female,14357,738.1,5.4,21,3.53,Happy
1590,23,Male,5742,459.3,6.4,64,3.87,Neutral
1026,31,Male,14369,767,10,46,1.88,Happy
1685,39,Male,6044,463.8,7.1,80,2.54,Happy
1561,23,Male,11288,704.5,7.1,0,2.61,Happy
1198,43,Male,8261,473.3,9.1,88,3,Happy
1386,56,Male,11846,649.9,5.3,48,3.12,Tired
1348,29,Male,19064,900,7.8,44,1.72,Neutral
1959,52,Male,10799,657.4,7.8,73,2.55,Neutral
1939,31,Male,4522,397.2,8.4,67,1.09,Happy
1692,39,Male,14690,813.1,8.3,65,3.07,Happy
1535,40,Female,3057,352.7,6.9,60,2.26,Happy
1827,24,Female,3721,406.7,4.9,60,1.66,Tired
1377,57,Female,5821,470.5,6.2,80,2.73,Happy
1898,42,Female,3563,340,8.3,30,2.24,Neutral
1915,30,Male,15559,840,9.8,0,3.38,Neutral
1557,38,Female,14692,784.3,5.2,51,1.88,Tired
1526,58,Female,16661,829.1,5.1,68,4.06,Happy
1152,27,Male,1202,245.5,4.6,25,3.1,Neutral
1733,26,Female,1941,271.9,5.8,0,3.4,Tired
1205,32,Female,17972,834,8.4,25,1.78,Neutral
1454,19,Male,9762,629.2,9,66,3.75,Tired
1272,42,Male,10537,668.7,3.9,82,1.65,Happy
1893,30,Male,2642,332.9,5.2,68,2.35,Neutral
1235,51,Female,2365,338.8,4.9,0,3.41,Neutral
1851,51,Female,8556,533.4,5.7,0,2.85,Happy
1739,52,Male,1008,214.6,6.7,38,1.63,Happy
1520,55,Male,17915,900,6.4,74,3.29,Tired
1677,20,Female,2035,228.5,7.8,0,2.74,Happy
1943,59,Male,13763,695.8,4.1,60,2.21,Neutral
1955,23,Female,19001,900,6.2,0,1.42,Neutral
1830,36,Male,7722,529.9,9,76,2.8,Happy
1725,20,Male,18460,900,9.1,35,2.39,Happy
1500,35,Female,5015,315.1,9.5,0,2.61,Happy
1116,56,Male,8129,520.3,7.6,57,1.39,Happy
1385,26,Male,3962,302,6,28,2.21,Neutral
1343,29,Male,5840,476.4,7.3,0,2.84,Tired
1583,22,Female,18296,900,10,65,3.81,Neutral
1394,20,Male,16337,878.7,6.2,56,2.36,Neutral
1063,28,Male,6699,440.1,9.7,62,3.51,Tired
1716,47,Male,6922,439.5,3.3,0,3.05,Happy
1720,21,Male,15862,813.9,7.9,25,2.66,Tired
1071,22,Male,14598,741.9,8,57,1.79,Neutral
1788,18,Male,2898,308,7.6,80,1.82,Happy
1273,44,Female,3822,315.3,7.7,23,2.93,Happy
1989,45,Female,5484,350.3,7.8,0,2.13,Happy
1319,46,Male,14052,781.1,7.9,89,2.07,Happy
1337,35,Female,19038,900,6.5,79,2.37,Happy
1365,29,Female,17975,900,6.6,0,2.39,Happy
1494,30,Male,2848,292.3,5,78,3.13,Tired
1606,58,Female,14269,676.2,8.1,26,2.15,Happy
1165,19,Female,4041,402.4,9,87,3.06,Tired
1543,54,Female,17551,900,9.6,0,2.81,Tired
1010,33,Female,5379,472.3,5.8,67,1.33,Tired
1300,41,Female,8661,620,4.4,61,2.71,Happy
1728,52,Female,7967,593,7.6,49,0.63,Happy
1800,39,Female,13199,679.1,5.3,0,1.87,Happy
1101,53,Female,16674,900,7.9,54,2.82,Happy
1424,28,Male,14531,764.8,3.7,81,2.49,Neutral
1391,46,Male,19565,900,8.6,70,1.26,Neutral
1778,52,Female,1832,286.3,7.2,69,1.72,Happy
1213,32,Female,15210,759.8,4.1,49,0.67,Neutral
1690,48,Male,18405,900,7.5,0,1.56,Happy
1087,59,Female,11185,624.6,7.1,69,2.91,Happy
1552,58,Female,4492,472.6,7.8,73,2.11,Happy
1400,33,Male,12862,676.3,8.2,23,2.62,Happy
1587,27,Male,1288,201.3,3.4,31,2.51,Happy
1888,49,Male,8816,519.5,6.3,34,2.52,Happy
1045,19,Female,2076,357.8,6.9,0,3.22,Happy
1671,41,Female,16564,784.2,6.6,0,2.36,Tired
1462,40,Male,2371,340.5,6.5,80,3.14,Tired
1591,19,Male,2074,374.6,8.6,38,0.77,Neutral
1309,55,Female,5934,428.9,4.4,72,3.28,Neutral
1085,48,Male,1039,221.9,6.6,76,1.6,Tired
1091,57,Female,5274,415,6.7,0,1.75,Tired
1659,43,Female,17566,846.5,6.8,0,2.01,Tired
1672,46,Male,6496,592.3,5.5,26,3.26,Neutral
1713,20,Male,13992,793.2,10,36,1.88,Happy
1935,31,Female,3508,279.3,8.5,0,2.04,Neutral
1927,42,Male,13018,680.4,10,57,1.83,Happy
1241,18,Male,9072,571.8,8,66,2.68,Happy
1864,20,Male,14348,709.2,8.1,29,3.02,Neutral
1001,43,Male,14910,721.2,7,43,3.69,Happy
1224,35,Female,14952,812.8,9.3,69,4.18,Neutral
1800,26,Female,17065,900,7.8,87,2.96,Tired
1744,55,Female,1318,298.5,6.7,62,2.76,Tired
1972,40,Female,12818,709.7,9.8,56,1.65,Neutral
1925,38,Male,19787,900,5,64,3.84,Neutral
1928,18,Male,14982,801.9,5.9,0,2.65,Neutral
1588,38,Female,11856,723.8,10,62,2.3,Neutral
1115,44,Female,13516,677.8,8,87,2.77,Happy
1665,59,Male,1728,230.2,3.1,56,2.05,Tired
1917,23,Female,2287,272.6,8.5,60,0.86,Neutral
1102,53,Female,5001,387.9,5.5,20,2.9,Neutral
1193,45,Male,9752,587.4,6.1,35,3.44,Tired
1165,34,Female,2375,293.8,10,56,2.89,Neutral
1870,57,Male,15970,872.5,9.5,0,2.5,Tired
1089,20,Male,13078,635,10,0,2.51,Tired
1685,29,Female,1024,160.9,6.1,0,2.62,Neutral
1121,56,Male,18538,900,6.6,70,2.6,Happy
1142,29,Female,13657,789.5,7.3,83,2.46,Neutral
1993,19,Male,18843,900,8.3,41,2.52,Happy
1105,39,Female,16583,861.3,6.5,62,3.59,Neutral
1886,40,Female,5706,434.6,9.8,81,2.83,Happy
1427,47,Female,14663,802.3,7.7,73,2.57,Tired
1304,22,Male,16844,900,9.2,46,2.96,Tired
1871,26,Male,10412,651.2,5.8,0,2.96,Neutral
1970,38,Female,19540,900,6.4,35,3.16,Neutral
1316,28,Male,6979,472.8,7.4,30,1.97,Happy
1962,22,Female,8943,631.4,6.3,40,2.16,Happy
1634,52,Female,9911,600,8.6,28,1.93,Happy
1901,44,Male,8486,441.7,8.6,46,3.04,Happy
1008,19,Female,2105,407.1,6.6,42,3,Happy
1773,41,Male,4769,393.1,8,70,1.61,Neutral
1072,48,Female,3479,365.6,10,22,2.77,Tired
1358,50,Male,11112,591,8.6,0,3.46,Happy
1222,56,Female,12271,800.7,8,27,2.34,Tired
1415,47,Female,5731,389.6,8.9,61,2.72,Tired
1552,54,Male,12361,675.2,9.5,54,3.01,Neutral
1369,45,Female,17087,807,9.3,67,1.58,Happy
1715,48,Female,4172,385.1,6.9,73,2.61,Happy
1263,28,Male,15041,787.6,8.4,55,3.39,Happy
1839,40,Female,8068,445.5,6.6,0,2.08,Happy
1689,19,Male,7557,498.9,6.9,31,3.08,Neutral
1859,57,Female,4330,377.9,7.7,78,2.52,Neutral
1317,58,Male,7022,468.5,4.8,0,2.03,Happy
1083,44,Female,13643,654.7,7.6,69,2.43,Happy
1317,52,Female,3058,336.9,6,62,2.13,Tired
1110,19,Female,19254,900,5.2,0,1.88,Tired
1250,56,Male,4621,429.3,8.2,68,2.32,Happy
1382,54,Male,10337,585.7,6.6,74,2.55,Happy
1006,38,Male,4991,446,7.3,0,2.38,Tired
1458,22,Male,12565,703.3,6.6,40,2.31,Tired
1083,38,Female,9503,583.4,6.1,32,2.66,Happy
1207,46,Female,18158,900,7.2,61,2.87,Tired
1899,37,Male,16337,812.7,5,0,1.7,Neutral
1389,55,Male,12112,629.7,6.9,0,2.32,Tired
1313,37,Male,14761,818.2,10,20,1.12,Happy
1021,42,Female,11023,575.2,5.2,0,2.39,Neutral
1409,19,Male,9885,555.5,9.1,53,2.61,Neutral
1894,49,Male,2376,216.1,10,61,2.9,Tired
1514,43,Female,6939,535.2,5.8,81,2.61,Happy
1126,23,Female,10181,557.1,7.5,0,2.88,Tired
1808,58,Male,3846,321.1,5.1,80,2.55,Tired
1699,20,Female,7817,448.2,4.8,73,2.03,Tired
1873,50,Male,8430,517.9,7.3,77,1.72,Neutral
1013,18,Female,12151,678.9,7.6,43,2.32,Tired
1970,22,Male,2716,349.9,6.1,46,1.96,Tired
1977,30,Male,7780,445.1,5.3,40,2.42,Tired
1011,36,Male,4331,343.2,5.8,0,2.16,Tired
1086,29,Male,10081,674.4,8.3,74,2.79,Happy
1523,42,Female,18762,900,8.3,87,2.53,Happy
1908,52,Female,5275,377.1,8,66,2.81,Happy
1536,29,Female,11556,659.8,6.4,73,2.81,Neutral
1300,47,Female,14555,880.6,5.4,0,2.37,Happy
1242,22,Male,17615,844.9,9,83,2.42,Tired
1121,51,Male,11004,544.1,9.5,68,2.85,Tired
1146,39,Female,6422,430.1,6.2,54,4.21,Happy
1566,56,Female,12188,683.4,6.8,58,1.81,Neutral
1749,30,Female,1247,209.8,4.8,77,2.53,Neutral
1355,20,Female,14598,832.8,7.8,76,1.66,Neutral
1684,37,Female,14227,779.6,10,25,2.49,Tired
1903,48,Male,14811,762.2,8.4,39,2.03,Happy
1732,22,Male,4741,362.7,10,69,2.42,Neutral
1630,41,Male,17446,860.5,6.4,28,2.61,Tired
1308,57,Female,2551,343.5,5,33,2.16,Neutral
1694,50,Female,7306,468.6,9.3,42,1.25,Neutral
1287,25,Female,4005,300.6,7.3,67,3.5,Happy
1306,41,Female,4322,421,5.7,75,3.09,Tired
1811,37,Male,17008,866.5,9.8,59,2.41,Neutral
1593,33,Male,8997,491.9,6.1,88,1.87,Tired
1965,29,Female,13466,824.3,5.3,58,2.56,Neutral
1913,30,Male,13516,771.2,7.9,62,2.75,Happy
1722,59,Male,18266,900,5,50,3.04,Neutral
1661,56,Female,1393,245.1,8.5,89,3.1,Happy
1548,42,Female,3739,335.5,5.3,22,3.24,Neutral
1351,49,Female,5167,391.6,7.4,23,1.28,Happy
1311,41,Female,14194,754.1,7.5,46,2.29,Neutral
1872,26,Female,5231,379.8,7.4,46,3.2,Neutral
1058,57,Female,2401,290.9,5.1,66,1.85,Neutral
1642,40,Male,9086,533,6.7,79,3.35,Tired
1923,30,Male,1905,287.4,9.1,55,3.77,Tired
1713,49,Female,1529,260,6.7,65,3.33,Neutral
1754,32,Male,9011,525.4,5.3,80,2.96,Tired
1034,53,Female,16001,835.7,6.3,61,2.19,Tired
1444,22,Female,5618,451.9,5.1,26,2.7,Neutral
1092,39,Female,17956,805.4,3.7,49,1.56,Neutral
1949,33,Female,18027,900,6.7,69,1.95,Neutral
1958,58,Male,15908,775,7.2,66,2,Tired
1206,27,Female,8013,497.6,8,0,2.54,Tired
1352,41,Male,10484,477.9,7.7,24,2.23,Tired
1902,35,Female,12787,739.8,7.9,89,2.68,Neutral
1331,35,Female,13834,716.3,6.9,77,3.11,Tired
1816,24,Female,6605,439.2,10,63,2,Tired
1861,21,Male,11677,671.6,5.7,51,2.6,Happy
1724,43,Female,17938,819,6.5,59,2.21,Happy
1158,22,Female,15051,805.1,9.5,76,2.63,Neutral
1953,33,Female,11766,703.1,6.4,30,2.98,Neutral
1956,52,Male,11416,665.4,6.8,0,3.14,Tired
1023,43,Male,16009,820.7,7.6,66,2.97,Happy
1403,35,Male,14874,797,8.8,21,2.79,Happy
1804,46,Female,10185,603.6,7.2,71,1.51,Neutral
1515,40,Male,18505,900,5.7,68,1.74,Tired
1731,31,Female,17439,900,6.4,78,1.92,Neutral
1363,32,Male,15660,805.9,7.8,57,2.75,Tired
1381,50,Male,9849,605.5,6.6,35,1.6,Happy
1531,42,Female,5736,396.1,6.3,46,2.74,Tired
1955,38,Male,3609,365.2,5.6,47,2.69,Happy
1151,34,Female,15675,850,8.8,0,1.15,Happy
1561,40,Female,4909,388,6.8,64,1.74,Happy
1688,34,Male,17787,900,6.8,52,3.23,Neutral
1946,31,Female,15867,834.8,8,79,2.99,Neutral
1607,46,Female,1794,269.4,5,69,1.9,Neutral
1616,37,Male,18945,900,7.1,65,1.78,Tired
1419,47,Male,16369,863.4,9.3,54,0.78,Neutral
1249,36,Female,11833,644.4,6.9,60,3.53,Happy
1116,56,Male,11856,717.7,7.3,77,2.53,Neutral
1865,30,Female,7795,469.6,7.3,0,3.82,Happy
1511,35,Female,6492,473.1,8.6,24,2.37,Neutral
1739,40,Male,16794,858.7,7.3,24,2.7,Tired
1577,50,Male,11149,659.3,10,41,3.12,Tired
1334,56,Male,5999,437,7.3,53,3.65,Happy
1417,57,Male,6197,407,6.3,84,2.85,Neutral
1931,35,Female,4562,437.2,9.3,78,2.5,Neutral
1773,26,Female,19078,900,6.7,0,2.52,Happy
1294,50,Male,1855,306.3,6.1,70,1.77,Tired
1937,49,Male,10487,534.6,5.2,68,2.23,Neutral
1754,34,Female,4621,370.4,7.7,28,2.54,Neutral
1370,36,Female,5206,484.7,6.3,34,3.47,Neutral
1185,44,Female,2038,267.7,5.8,0,2.2,Tired
1245,23,Female,5596,428.7,6.2,72,3.24,Neutral
1636,52,Male,15151,886.2,6.5,44,2.44,Tired
1267,54,Female,5370,407.7,8.2,47,3.37,Neutral
1642,51,Female,4447,390.8,7.7,42,2.97,Tired
1236,37,Male,16903,900,6.8,22,2.93,Happy
1529,42,Female,16326,784.1,7.8,52,3.19,Tired
1551,21,Female,15056,778,6.8,0,3.08,Happy
1020,27,Male,6229,455.7,7.3,0,3.24,Neutral
1910,27,Male,3241,249.8,6,86,3.99,Neutral
1736,41,Male,8818,621.2,6,86,3.63,Neutral
1866,38,Female,7998,557.7,7.2,0,2.83,Happy
1793,28,Female,11155,676.6,7.2,27,2.19,Neutral
1519,44,Male,7444,563.8,8.5,0,2.76,Tired
1099,33,Male,4015,396.8,7.7,79,1.15,Tired
1751,43,Female,15903,824.6,6.3,75,3.08,Happy
1477,47,Male,7815,431,5.1,89,1.76,Tired
1598,33,Male,5864,400.5,8.3,41,3.29,Happy
1297,24,Male,10676,594.4,7.5,52,3.89,Happy
1939,33,Female,5234,440.3,8.5,69,1.48,Neutral
1525,52,Female,15147,809.9,7.7,65,2.46,Happy
1333,33,Female,19723,900,9.7,0,1.75,Tired
1001,57,Female,9526,624.3,6.7,85,1.29,Tired
1374,29,Female,7842,580.1,7.1,40,2.43,Neutral
1292,52,Female,2858,388.1,8.2,0,2.94,Happy
1836,38,Male,2207,231.8,8.3,67,3.03,Neutral
1933,53,Female,18308,900,7.5,32,2.61,Neutral
1552,34,Female,6429,406.8,4.6,0,1.34,Neutral
1317,49,Male,8591,640.6,4.3,24,2.59,Neutral
1501,58,Female,13944,759.3,6.4,37,1.46,Neutral
1827,23,Female,6892,457.2,7,56,1.5,Happy
1380,41,Male,12777,683.4,4.2,73,1.8,Tired
1622,44,Male,6945,494.5,7,0,3.23,Happy
1013,37,Male,8691,573.4,8,47,2.88,Happy
1503,42,Female,13548,659.5,6.9,64,2.73,Neutral
1230,19,Male,14673,856.8,7.4,0,1.9,Tired
1984,26,Female,5027,424.6,7.9,84,2.23,Happy
1083,45,Female,13456,807.7,4.6,0,1.54,Happy
1129,55,Female,5295,497.3,8,61,3.46,Tired
1742,20,Female,13869,749.8,5.9,52,4.04,Happy
1837,37,Male,5661,469.3,6.6,35,2.89,Tired
1144,23,Male,15730,800.4,6,32,3.01,Happy
1890,56,Female,13034,698,8.6,40,2.39,Neutral
1856,50,Male,19782,900,5.2,78,1.37,Tired
1027,18,Female,17411,859.5,9.1,0,1.91,Happy
1065,54,Female,13142,735.5,10,58,2.17,Happy
1162,23,Female,2898,270.5,4.7,0,2.23,Tired
1228,51,Male,13919,724,6.1,46,2.07,Tired
1260,32,Female,8300,506.7,7.9,56,2.53,Tired
1448,43,Female,3427,409.4,5.5,22,1.9,Tired
1423,31,Male,2625,330.7,6.6,26,4.02,Tired
1459,24,Male,11767,712.8,7.3,77,1.54,Tired
1951,48,Male,19420,886.5,5.9,0,3.12,Neutral
1675,41,Male,4355,375.9,7.1,0,2.32,Neutral
1300,48,Female,15053,783,8.4,0,2.82,Tired
1918,46,Male,5902,460.7,6.9,68,2.86,Happy
1302,59,Female,16786,900,5.4,56,2.61,Neutral
1286,49,Male,11266,531.1,8.7,25,1.71,Neutral
1394,34,Male,9280,591.2,9.1,25,2.27,Happy
1009,31,Male,15954,900,7.6,47,2.62,Neutral
1706,57,Male,12996,694.4,5.5,32,2.57,Neutral
1629,53,Male,15046,809.3,5.7,32,1.78,Tired
1269,41,Male,15205,842,3.4,0,3.4,Neutral
1591,44,Female,5961,330.6,6.1,0,0.75,Neutral
1969,42,Male,1032,254.6,8.6,42,2.32,Neutral
1604,49,Male,5698,388.2,6,56,1.86,Tired
1777,35,Male,9887,697.9,5.6,27,2.63,Happy
1843,35,Male,9716,578.3,8.5,0,3.21,Happy
1861,54,Female,14335,737.9,8.7,24,1.52,Happy
1360,43,Male,7177,529.4,6.2,46,4.15,Happy
1256,26,Male,9438,601.9,7.8,38,2.64,Neutral
1132,52,Male,4926,441.8,5.7,62,2.77,Tired
1275,25,Male,16378,900,6.5,62,1.49,Tired
1775,37,Female,11288,622.3,4.3,0,2.47,Neutral
1682,59,Male,11154,732.1,7.5,74,3.18,Happy
1971,39,Female,3959,452.2,6.8,80,2.65,Tired
1512,36,Male,19611,900,6,66,2.6,Neutral
1312,47,Female,2393,262.1,6.9,75,2.46,Neutral
1575,45,Female,19407,900,6.7,37,1.54,Neutral
1885,52,Male,14025,751,5.8,84,1.53,Neutral
1979,28,Male,7064,568,7.6,72,3.32,Tired
1283,48,Female,7639,462.4,6.6,30,3.12,Neutral
1120,56,Female,3478,351.4,6.8,20,3.22,Tired
1106,53,Male,8929,518.9,4.8,27,1.92,Neutral
1932,47,Female,10173,612.3,6.8,38,2.39,Neutral
1686,40,Female,12415,803.7,6.7,74,3.36,Tired
1996,36,Female,9418,667.9,5.8,35,1.64,Neutral
1203,29,Male,18650,900,7.8,85,3.29,Happy
1164,32,Female,3057,353.8,3.8,31,2.09,Tired
1304,48,Female,14703,811.7,6.3,81,1.9,Tired
1496,54,Female,15383,800.1,7.5,77,2.48,Neutral
1631,54,Male,14935,893.2,10,40,1.72,Tired
1555,32,Male,11443,723.7,5,56,1.17,Tired
1823,46,Female,3941,369.4,7.1,24,2.55,Happy
1155,43,Male,1156,235.4,7.8,89,2.87,Tired
1366,19,Female,13255,722.6,7.1,0,3.35,Happy
1718,37,Male,18144,900,5.2,86,2.92,Tired
1901,32,Male,9965,596.8,6.3,0,3.88,Happy
1619,21,Female,18341,900,3.3,0,3.45,Tired
1250,39,Male,15805,856.2,7,0,3.02,Tired
1956,55,Male,17637,857.8,4.9,0,2.83,Happy
1915,40,Male,18953,900,7.7,66,3.36,Happy
1881,43,Female,8505,589.7,6,68,0.95,Happy
1333,28,Male,13405,678.4,5.9,43,2.16,Tired
1641,45,Male,13837,736,7.2,45,1.2,Neutral
1968,19,Female,9999,578,7.4,74,2.96,Neutral
1510,25,Male,10973,577,8.3,26,1.98,Tired
1292,46,Male,12855,729.7,6.6,60,4.61,Tired
1019,28,Male,7557,496.1,6.8,21,2.14,Happy
1281,54,Male,10071,570.9,4.9,0,2.57,Happy
1796,35,Male,6088,547.8,9.2,0,2.22,Happy
1000,31,Female,17384,773.8,5.6,75,2.16,Neutral
1118,27,Female,17550,858.8,8.1,43,1.63,Tired
1034,52,Male,3063,293.7,8.1,31,1.6,Tired
1197,26,Male,9303,504.2,7.6,34,0.97,Neutral
1484,52,Male,12631,818.1,6.6,67,2.88,Happy
1756,28,Female,2125,397.4,6.5,80,2.2,Happy
1058,29,Female,3641,311.4,6.9,47,3.85,Happy
1836,20,Male,18813,900,4.1,0,1.63,Happy
1160,56,Male,11235,679.2,7,35,3.53,Neutral
1690,31,Female,13794,834.6,9.2,55,3.6,Happy
1205,45,Male,19018,900,6.7,23,3.39,Happy
1011,28,Female,9862,616.1,7,28,2.66,Neutral
1489,56,Female,4111,434.6,5.5,31,2.26,Happy
1275,42,Male,2690,370.1,7.3,63,3.39,Neutral
1692,38,Female,16740,877.2,5.8,85,1.95,Happy
1241,27,Male,16094,796.6,8.3,38,2.69,Tired
1215,32,Male,16875,836.8,8.7,32,2.47,Happy
1250,36,Male,10156,513.8,9,74,1.88,Tired
1810,39,Male,17664,900,4.8,84,2.69,Neutral
1125,38,Male,5446,428.4,8.1,0,3.02,Happy
1993,49,Male,11158,660.8,8,22,1.85,Happy
1216,40,Female,3808,351.1,6.4,44,2.82,Happy
1305,30,Female,6402,398.9,8.8,71,0.94,Tired
1796,22,Female,2964,334.2,7.6,35,1.77,Happy
1184,21,Female,18206,900,9.1,62,2.18,Neutral
1038,45,Male,10629,581.8,5.1,75,2.75,Happy
1222,31,Female,3061,321,5.9,87,3.11,Neutral
1183,25,Female,4865,362.2,7.1,27,2.56,Tired
1494,26,Female,5294,401,8.8,63,2.9,Neutral
1426,52,Male,15171,750.1,7.7,57,2.39,Tired
1177,54,Female,13965,745.2,5.6,42,2.78,Tired
1918,38,Male,13228,810.5,9.7,25,2.75,Tired
1427,35,Female,16651,840.9,6.6,62,2.14,Neutral
1293,50,Male,17461,864.4,5.6,63,2.25,Neutral
1851,25,Male,3159,295.5,5.8,0,2.92,Neutral
1150,34,Female,13822,743.4,5,35,3.77,Happy
1383,48,Male,4187,457.1,3.6,28,3.34,Neutral
1637,51,Male,8135,595.7,6.8,28,1.71,Tired
1812,23,Female,14508,773.1,4.7,77,1.71,Neutral
1307,39,Female,1789,239.4,7.5,84,2.13,Tired
1335,31,Female,18947,869.8,8.5,78,2.57,Neutral
1945,20,Male,2322,247.3,7.6,42,2.53,Neutral
1745,29,Male,14387,676.8,7.1,88,3.37,Tired
1891,53,Male,7673,543.9,4.7,38,3.41,Neutral
1374,29,Female,18886,900,8.3,54,2.5,Happy
1007,19,Male,8116,505.9,9.9,74,2.34,Happy
1340,19,Male,19043,900,9.1,59,2.86,Tired
1128,32,Male,10507,565.8,5,33,3.24,Tired
1775,40,Male,4062,265.5,6.9,32,2.89,Tired
1668,46,Male,19454,900,6.6,72,2.2,Happy
1351,34,Male,11868,693.9,6.4,58,2.07,Tired
1357,49,Male,3553,427.3,7,84,1.72,Tired
1516,24,Female,18428,900,10,75,2.64,Happy
1494,47,Female,10979,625.2,7.2,59,2.94,Tired
1085,45,Female,6957,523.9,6.3,65,3.01,Neutral
1174,31,Male,12727,724.8,7.4,26,3.31,Neutral
1801,47,Male,5578,423.2,5,64,3.54,Neutral
1192,34,Female,6621,463,5.9,41,1.54,Neutral
1310,49,Male,2966,311.4,8.5,26,2.78,Happy
1118,23,Female,11548,656.8,7.3,71,2.81,Neutral
1217,41,Male,14864,877.4,10,87,2.45,Neutral
1426,23,Male,19634,900,7.4,89,1.92,Happy
1969,44,Female,12679,794.3,5.1,86,3.51,Happy
1413,35,Female,15975,794.1,4.6,22,2.09,Happy
1113,41,Female,15167,665,8.5,77,0.97,Neutral
1977,54,Female,3014,297.4,5.4,86,2.51,Tired
1144,41,Female,5624,383.2,5.3,0,2.33,Tired
1537,55,Male,6868,400,6.2,28,3.8,Neutral
1647,51,Male,15626,890.1,8.5,73,2.84,Tired
1302,57,Male,1804,205.3,6.4,70,2.29,Tired
1743,32,Female,18718,900,5.7,35,2.36,Happy
1880,28,Female,1667,367.4,8.8,0,2.35,Neutral
1587,39,Female,1384,197.9,8.6,39,4.05,Neutral
1986,41,Female,12316,681.1,9.5,72,2.97,Tired
1839,18,Female,4440,445.2,9,50,1.51,Neutral
1344,35,Female,17396,875.1,8.6,40,2.33,Happy
1813,29,Male,8726,565.7,5.9,0,2.48,Tired
1963,45,Male,12199,719.9,8,40,1.72,Happy
1800,57,Male,6403,464.8,8.8,0,1.25,Tired
1000,24,Male,7151,463.6,9.8,24,2.92,Neutral
1146,40,Male,13359,695.3,7.3,88,1.94,Happy
1286,38,Female,16227,794.3,6.3,66,3.37,Happy
1975,51,Female,11057,672.1,5.7,39,2.51,Happy
1653,28,Female,1100,211.1,8.5,57,2.17,Tired
1052,39,Female,5978,498.9,6,0,0.81,Tired
1303,59,Female,10504,699.6,7.2,0,3.36,Happy
1068,52,Female,11988,621.7,5.7,0,2.71,Happy
1360,46,Male,15531,858.1,6.8,0,2.19,Tired
1601,59,Female,7534,604.3,7.7,51,1.88,Neutral
1957,45,Female,17833,870.6,7.4,81,3.62,Neutral
1219,35,Female,12631,765.3,8.1,0,1.76,Happy
1961,31,Female,12693,735.8,4.9,52,2.24,Neutral
1703,35,Male,4167,414.7,6.8,86,2.9,Tired
1965,45,Male,6380,417.4,6.3,25,3.52,Neutral
1574,41,Female,14823,888.2,5.5,85,2.35,Tired
1584,25,Male,12629,671.7,5.9,51,1.99,Happy
1160,59,Male,4856,426.3,5.7,83,2.43,Neutral
1680,25,Female,2075,279.8,7.5,45,3.13,Neutral
1088,21,Female,16755,897,7.6,81,3.29,Tired
1687,44,Female,11914,627.4,8.3,24,1.54,Tired
1780,53,Female,1701,206.7,7.5,30,2.58,Happy
1584,22,Female,4348,388.3,7.2,68,1.5,Happy
1756,50,Male,9185,549,7.1,0,3.12,Tired
1588,51,Female,7836,493.4,8,79,2.8,Tired
1158,47,Female,14304,799.4,3.8,21,1.86,Happy
1488,25,Female,11638,590.8,6.9,78,3.57,Tired
1970,56,Male,3249,390.3,7.5,44,2.73,Neutral
1323,43,Female,11705,674.2,9.7,87,2.66,Happy
1609,54,Female,10374,653.1,5.3,61,2.37,Neutral
1380,51,Female,9118,591.1,5.3,74,2.49,Tired
1101,24,Male,3551,371.2,3.6,57,2.23,Happy
1493,57,Female,13550,682.1,4.9,62,1.98,Happy
1643,45,Female,3214,386.8,6.8,0,3.36,Happy
1613,56,Female,9534,595,5.9,72,2.16,Tired
1018,56,Male,18101,900,5.9,40,2.13,Happy
1453,45,Female,3460,332.1,7,39,2.41,Happy
1481,31,Female,12928,735.2,7.9,38,3.5,Happy
1593,55,Female,4255,379.2,7,52,3.29,Happy
1396,21,Male,6334,483.2,7,82,2.22,Tired
1278,59,Female,13281,813.9,7.6,87,3.36,Happy
1850,35,Female,7830,461.4,4.3,79,2.58,Happy
1364,42,Female,8754,587.7,7.2,38,1.91,Tired
1330,24,Male,7940,512.2,6.9,47,2.17,Happy
1640,55,Male,11722,726,7,41,3.46,Neutral
1343,45,Female,4632,466.6,6.1,0,3.96,Happy
1821,22,Male,17029,891,6.7,82,2.72,Happy
1454,20,Male,1014,271.6,7.6,81,2.1,Neutral
1600,48,Male,12581,764,9.4,48,2.41,Tired
1724,59,Female,15157,856.2,4.5,51,1.97,Happy
1654,37,Female,12506,763.1,7.9,44,2.07,Neutral
1064,36,Male,9208,553.4,8.8,35,2,Tired
1075,28,Male,10971,613,5.1,34,2.44,Tired
1710,57,Male,19333,900,6.7,78,2.58,Neutral
1142,20,Female,9272,561.1,7.4,67,2.4,Tired
1916,40,Female,4079,359,10,37,2.35,Tired
1914,24,Male,9127,557.9,10,42,3.03,Neutral
1827,40,Male,10210,633,5.1,74,2.34,Tired
1604,24,Male,16014,866.5,6.5,61,2.38,Neutral
1472,51,Male,16646,862.6,7.3,0,2.38,Tired
1416,59,Female,19208,900,7.8,71,3.58,Neutral
1304,36,Male,4864,435.9,7.3,30,2.16,Tired
1735,26,Female,11661,626.5,5.6,74,2.92,Neutral
1496,35,Male,19897,900,5.5,44,1.98,Happy
1290,58,Male,11322,622.3,4.7,60,2.74,Tired
1939,59,Male,7710,580.4,4,0,2.88,Neutral
1101,42,Male,9516,589,4.7,74,3.26,Tired
1985,31,Male,15386,818.6,8.7,0,2.23,Tired
1266,42,Female,14338,684,8.1,55,1.72,Happy
1866,36,Male,16316,885.5,7.8,76,1.95,Tired
1967,56,Male,11203,652.9,6.7,82,3.18,Tired
1621,32,Male,5888,444.2,6.9,39,3.96,Happy
1973,33,Female,12325,688.3,6.6,66,3.08,Neutral
1841,44,Female,10386,646.7,4.6,39,1.62,Neutral
1961,57,Female,16645,900,8,25,3.06,Neutral
1941,27,Female,7260,514.6,8.3,48,1.84,Neutral
1776,21,Male,12267,756.5,5.3,68,2.26,Neutral
1002,36,Male,16419,820.8,5.3,25,2.63,Neutral
1084,45,Male,14086,733.8,7.5,58,2.75,Happy
1793,38,Female,3904,376.5,7.5,51,2.55,Neutral
1327,31,Male,12492,732.8,8.1,68,2.08,Happy
1815,50,Male,2123,310.8,9.1,62,3.24,Tired
1449,27,Female,14430,712.8,5.4,47,2.13,Happy
1453,36,Female,15999,779.8,6.9,64,3.38,Happy
1923,47,Female,19654,900,5.5,84,1.55,Happy
1628,39,Male,9121,475.4,5.6,69,2.65,Happy
1220,20,Male,19642,900,6.4,73,1.64,Neutral
1153,54,Female,4646,382.1,9.2,70,1.92,Tired
1664,58,Male,14173,721.2,8.7,62,2.14,Tired
1011,35,Female,8025,493.4,6.9,83,3.56,Tired
1132,28,Female,13549,747.4,3.8,49,3.42,Happy
1993,19,Male,15853,759.4,7.6,61,3.11,Happy
1303,29,Female,18655,900,7.6,57,2.52,Neutral
1292,23,Female,9989,586.4,5.6,85,2.63,Neutral
1974,57,Female,12326,678,8.2,88,3.39,Tired
1299,46,Male,4463,365,5.6,34,2.99,Happy
1739,47,Female,15388,883.5,8.2,80,2.51,Happy
1782,19,Female,15075,850.4,7.4,25,3.54,Happy
1042,26,Female,11547,629.7,4.8,43,3.07,Tired
1943,19,Female,5941,385.8,6.5,33,2.67,Tired
1342,46,Female,17010,859.7,7.2,31,2.18,Happy
1325,50,Female,1897,337.2,7.5,0,2.12,Happy
1813,27,Female,9244,463.4,8.5,87,2.26,Tired
1497,51,Male,1605,268.4,8.7,63,2.82,Tired
1363,25,Male,4677,371.7,6.6,70,3.09,Neutral
1890,54,Female,5547,481.8,7.8,57,1.49,Neutral
1426,50,Male,9652,635.1,9.4,60,1.14,Neutral
1020,23,Male,18158,852.9,5.5,63,1.83,Happy
1406,57,Female,6256,510.1,6.1,35,2.21,Happy
1618,36,Male,17333,776.6,4.5,69,3.34,Happy
1335,49,Female,15730,859.8,6.1,57,2.3,Tired
1814,44,Female,6156,481.3,7.3,24,2.68,Neutral
1116,18,Female,6773,555.2,3.8,28,2.79,Tired
1123,50,Female,11886,686.8,7.7,58,1.78,Tired
1398,57,Female,16930,844,6.3,0,3.52,Tired
1792,49,Male,4518,330.3,6.9,51,2.03,Happy
1803,22,Female,7775,584,5.2,83,3.59,Happy
1714,34,Male,6378,540,6.8,52,2.41,Tired
1050,25,Female,14634,762.9,9.5,37,2.26,Neutral
1782,59,Female,7673,508,6.4,0,1.72,Happy
1323,51,Female,7444,565.9,3.7,24,2.64,Happy
1788,26,Male,15176,845.5,8.8,78,4.08,Tired
1140,40,Female,10379,605.8,7.8,0,2.79,Happy
1469,52,Female,4727,351.1,7.1,35,2.69,Neutral
1786,24,Female,15225,766.9,7.9,67,2.03,Tired
1801,32,Female,19373,900,7.1,85,2.91,Happy
1333,37,Male,16468,840.4,9.5,27,2.61,Tired
1892,42,Female,5345,393.5,8.1,63,2.46,Tired
1963,20,Male,9174,597.6,6.3,40,2.85,Neutral
1372,41,Female,14052,766.1,9.2,45,1.23,Neutral
1563,51,Male,8046,541.3,9.7,54,2.43,Happy
1493,39,Male,5186,391.2,8.4,34,1.66,Tired
1538,28,Female,17722,890.6,7.6,59,2.52,Happy
1668,25,Female,10853,597.4,5.7,49,1.99,Happy
1750,56,Male,6968,514.2,8,85,2.04,Happy
1155,52,Female,13456,742.5,7.6,32,1.57,Neutral
1290,55,Female,16498,874.6,7,20,3.28,Tired
1647,25,Female,8684,496.4,8,62,2.03,Tired
1143,54,Male,16543,896.5,7.1,47,2.06,Neutral
1105,44,Female,9361,590,7.8,20,3.57,Neutral
1419,45,Female,7505,536.7,8.6,59,2.9,Happy
1669,57,Female,7387,512.7,5,53,1.08,Happy
1657,51,Male,12291,705.9,5.5,32,3.47,Neutral
1001,49,Female,13806,661.2,5.6,80,3.65,Neutral
1944,32,Male,3610,401.3,9.9,0,3.59,Tired
1588,34,Female,3473,272.9,8,0,2.97,Tired
1643,50,Male,3688,399.4,8.1,32,1.73,Tired
1089,33,Female,5804,428.5,8.7,55,2.47,Neutral
1344,46,Female,2290,211.3,5.4,80,1.49,Happy
1349,26,Male,11227,644.8,3.9,77,1.89,Tired
1458,50,Male,19991,900,6.9,34,1.72,Neutral
1262,46,Male,19072,900,8.3,31,2.06,Neutral
1350,30,Female,7511,474.7,6.7,88,2.61,Happy
1107,38,Female,9197,515.8,4.9,80,2.19,Tired
1585,38,Female,9714,621.6,5.6,61,2.16,Tired
1038,22,Female,7672,504.8,5.2,0,2.3,Neutral
1908,27,Male,17449,900,6.1,21,3.55,Tired
1158,23,Female,3981,353.5,5.3,27,4.01,Happy
1582,30,Female,13785,809.2,7.2,73,2.18,Tired
1958,18,Female,15666,806.6,6.2,27,2.74,Happy
1311,37,Female,3815,273.8,8,32,1.91,Neutral
1240,25,Female,6096,389.1,5.5,0,3.04,Happy
1937,27,Female,14950,819.8,7.4,32,2.17,Happy
1444,26,Female,19401,900,6.9,77,2,Happy
1297,58,Male,7673,571.1,7.6,82,3.9,Happy
1951,20,Female,2742,251.1,7.8,0,1.55,Neutral
1035,28,Female,6720,519.7,8,57,0.78,Happy
1083,29,Female,4509,358.7,8.2,0,3.01,Neutral
1451,27,Female,13273,796.3,7.8,88,2.24,Tired
1885,42,Male,4534,406.6,7.4,59,2.05,Tired
1774,42,Male,15685,837,6,20,4.41,Tired
1821,28,Male,6136,478.7,8.3,21,3.01,Tired
1384,53,Male,6585,524.7,6,48,2.46,Neutral
1171,56,Male,9554,579.6,6.6,26,2,Neutral
1375,43,Male,12473,605.1,5.7,76,2.81,Tired
1684,31,Female,2634,365.4,5.7,74,1.29,Happy
1361,56,Male,17908,900,6.5,0,2.14,Tired
1558,57,Male,16117,900,6.7,26,2.47,Tired
1890,18,Female,2722,278.7,5.8,29,2.65,Tired
1140,21,Male,9611,565.4,7,58,2.4,Neutral
1886,47,Female,4864,431.8,7.2,77,2.01,Tired
1917,29,Female,2067,320.8,6.2,0,3.14,Tired
1117,52,Male,7438,518.7,10,33,1.34,Tired
1276,30,Female,18803,900,7.5,20,2.31,Neutral
1725,48,Male,8271,472.8,7.2,0,2.14,Tired
1219,55,Male,12325,659.1,6,68,3.21,Tired
1904,40,Female,12828,637.3,7.2,35,2.18,Happy
1025,21,Female,15132,900,7.4,26,2.81,Tired
1520,33,Male,18013,869.3,7,34,2.73,Neutral
1782,24,Female,14442,763,9.1,0,1.22,Happy
1009,39,Female,2834,348,4.4,0,2.45,Tired
1983,46,Male,16126,845.3,6.4,78,1.28,Neutral
1377,28,Male,3353,304.6,8.1,67,2.75,Happy
1632,50,Female,14878,787.7,5.7,69,1.99,Neutral
1636,46,Male,12132,654.9,4.7,29,3.33,Happy
1681,56,Male,9203,555.4,6.2,71,2.37,Neutral
1583,29,Male,11322,672.4,8.6,87,1.96,Happy
1151,24,Male,12295,640,5.7,49,3.34,Tired
1719,56,Male,4157,420.3,6.5,53,1.89,Tired
1048,59,Male,10626,628.7,7.6,84,3.13,Tired
1153,43,Male,18340,900,6.1,79,2.83,Tired
1858,57,Female,12826,697.3,6.3,27,2.24,Happy
1292,26,Male,13095,782.2,6,0,1.56,Happy
1579,58,Female,14567,823.6,6.1,88,3.37,Happy
1049,51,Female,8884,567.4,5.3,76,2.85,Happy
1663,30,Female,2955,288.2,6.6,64,1.96,Happy
1530,53,Male,11204,676.6,8.6,68,2.67,Happy
1611,42,Male,5991,440.3,9.4,81,3.2,Tired
1059,41,Female,5065,489.9,8.9,58,2.58,Happy
1166,34,Male,17067,880.8,7.2,0,2.67,Neutral
1201,19,Female,14763,874.7,9.5,72,3.22,Neutral
1856,30,Male,13095,733.5,10,64,3.58,Neutral
1145,48,Male,18408,884.5,7.3,47,2.42,Happy
1914,46,Female,3329,498,5.5,72,1.56,Tired
1675,45,Female,16873,802.6,9,28,1.59,Neutral
1969,44,Female,4026,262.2,5.2,0,2.02,Happy
1992,32,Male,2011,176.7,5.7,46,1.85,Happy
1438,48,Female,6624,601.9,3.9,41,1.32,Tired
1241,57,Male,19084,900,8.1,49,3.79,Happy
1580,32,Male,16229,856.4,3.5,34,2.87,Happy
1686,50,Male,14244,791.5,8.5,34,2.13,Neutral
1560,37,Female,17602,900,9.7,72,2.48,Neutral
1482,59,Female,12780,622.7,9.6,0,1.25,Neutral
1107,29,Female,6585,536.3,5.1,89,3.31,Neutral
1225,54,Male,17362,900,4.2,35,1.14,Neutral
1672,26,Male,15105,742.6,6,84,2.86,Happy
1630,40,Female,18195,900,8.3,64,1.21,Happy
1660,25,Male,15837,829.8,8.8,26,2.21,Tired
1976,49,Male,15393,805.2,8,64,3.37,Neutral
1661,31,Female,6456,424.3,7.8,58,1.36,Neutral
1431,44,Female,5521,415.2,10,69,2.4,Neutral
1804,42,Female,10775,604.7,6.3,68,2.94,Neutral
1654,30,Male,15099,857.2,5.8,0,2.82,Neutral
1418,38,Male,5037,400.1,5.2,68,2.55,Happy
1987,48,Male,10074,568.3,7.6,59,2.85,Happy
1454,54,Male,14986,798.2,6.7,58,2.07,Neutral
1159,22,Male,17815,900,8.2,76,3.85,Happy
1522,30,Female,13226,719.9,6.3,0,1.37,Neutral
1649,45,Male,10139,639.4,7.9,75,3.31,Tired
1968,42,Male,13099,710.1,6.4,21,2.63,Neutral
1589,52,Male,10859,605.8,6.8,45,2.93,Tired
1076,56,Female,12174,619,6.9,42,3.06,Tired
1508,24,Female,3539,341.1,4.4,37,2.89,Neutral
1440,55,Female,11305,714.5,6.8,0,1.93,Neutral
1253,49,Male,14199,761.8,7.8,79,2.3,Neutral
1920,20,Female,1390,230.5,5.5,21,1.48,Neutral
1769,56,Female,1082,205.4,9.9,68,2.29,Happy
1319,54,Female,18386,849.2,7,57,2.73,Happy
1802,39,Male,9968,657.5,6.1,50,2.92,Tired
1262,25,Female,13281,755.5,6,59,2.77,Neutral
1596,34,Male,16120,883.3,9.1,72,1.27,Happy
1657,44,Male,10946,650.4,5.8,83,2.11,Happy
1834,50,Female,11891,635.4,7.4,52,2.04,Happy
1553,34,Male,7007,464.4,8.3,77,1.58,Tired
1373,59,Female,1522,235.9,7.8,69,1.91,Happy
1636,29,Male,2694,286.9,6.2,0,2.5,Neutral
1166,44,Female,19636,900,8.3,22,3.49,Happy
1936,25,Female,5837,488.7,7.2,80,1.83,Neutral
1752,40,Female,12801,813.1,4.4,29,1.71,Happy
1458,59,Male,9469,535.1,8.8,85,2.08,Neutral
1998,46,Female,17531,892.8,6.1,70,2.74,Tired
1279,37,Male,9148,576.8,6.7,0,3.36,Happy
1699,33,Female,14065,713.6,7.5,44,2.44,Happy
1301,34,Male,13706,750.9,6.2,62,1.49,Tired
1530,33,Male,4620,402.4,8.1,83,1.64,Tired
1579,36,Female,11631,661.3,5.3,78,2.63,Tired
1217,25,Female,10131,636.6,6.1,81,3.2,Neutral
1101,55,Female,15307,812.3,8.8,29,3.77,Neutral
1553,55,Female,4709,245.1,7,83,1.67,Happy
1287,46,Female,16986,831.4,5.4,79,2.6,Neutral
1166,58,Male,14915,868.2,7.1,39,1.78,Happy
1620,53,Female,6094,469.8,7.6,68,1.87,Tired
1035,43,Female,10415,474,4.6,0,1.81,Happy
1743,48,Male,17078,807.6,9.5,70,2.27,Tired
1740,29,Female,16476,895.1,9.7,76,1.88,Tired
1352,34,Female,14530,752.4,7.2,56,4.24,Happy
1675,32,Male,8472,403.8,6.7,22,2.18,Neutral
1898,26,Female,4363,427.5,7,48,3.19,Neutral
1072,56,Female,19201,900,8.3,0,2.04,Happy
1647,59,Female,15140,764.1,7.7,66,4.06,Neutral
1352,29,Male,18067,900,7.4,88,2.74,Tired
1890,49,Female,15315,773,9.1,40,3.09,Tired
1069,42,Male,15414,785.4,8.7,0,2.09,Neutral
1424,56,Female,3017,296.4,5.6,40,3.18,Neutral
1998,35,Male,5223,314.1,8.3,21,2.73,Tired
1707,32,Female,3184,348,8.7,88,2.23,Happy
1780,49,Male,18741,900,7.4,26,1.74,Neutral
1560,23,Male,7531,478.3,7.9,54,2.33,Neutral
1827,52,Male,5666,462,6.5,49,2.27,Happy
1641,51,Male,12255,610.6,5.2,63,3.11,Tired
1955,55,Male,3468,373,9.8,0,2.34,Happy
1516,22,Male,8291,547.9,5,74,1.15,Happy
1427,35,Female,8255,495.7,9.5,0,2.95,Happy
1538,33,Female,4920,417.5,6.9,73,3.41,Neutral
1159,25,Male,5236,365.4,8.9,20,1.33,Tired
1148,42,Male,2939,372.8,7,82,3.76,Tired
1775,49,Male,4856,420.6,8.4,74,3.48,Neutral
1229,43,Male,1050,260.2,7.7,46,2.06,Happy
1711,39,Female,16926,853.9,6,34,1.72,Neutral
1561,48,Male,2360,333.2,7.2,28,3.24,Happy
1066,27,Female,7805,572.4,6.8,88,1.54,Happy
1811,29,Female,12928,797.5,8,78,2.03,Happy
1380,45,Male,12994,692.5,7.2,42,1.58,Happy
1057,23,Male,4045,402.7,7.4,30,2.5,Neutral
1258,37,Female,12093,753.5,5.5,43,3.53,Happy
1341,22,Female,1257,238.1,5.1,73,2.76,Neutral
1837,40,Male,12651,776.3,7.1,50,3.21,Happy
1129,26,Male,1044,249.7,7.3,41,2.25,Neutral
1726,46,Male,18718,897.8,5.4,33,2.57,Tired
1171,33,Female,18055,886.7,7.9,24,1.64,Neutral
1769,39,Female,16354,782,7.9,36,2.43,Tired
1613,25,Male,14589,781.6,7.2,0,1.98,Neutral
1208,37,Female,8000,512,7,0,2.39,Tired
1802,31,Female,15480,828.6,5.1,0,2.34,Neutral
1353,56,Male,7085,551.5,5.1,23,2.28,Happy
1470,54,Male,1234,248.5,7.6,28,3.98,Tired
1797,51,Female,7834,500,5.8,55,3.74,Happy
1115,28,Female,16055,832.2,5.9,70,3.49,Tired
1263,57,Male,4207,275.6,7.4,51,3.76,Happy
1661,50,Male,3400,370.2,10,37,3.49,Happy
1811,48,Male,10609,616.8,6.4,34,2.48,Neutral
1441,51,Male,13562,746.5,10,39,2.41,Happy
1547,24,Male,8740,539.6,6.9,77,2.66,Tired
1452,40,Female,15184,813.7,7.8,59,2.35,Tired
1844,24,Female,15038,735.9,8.4,0,1.77,Tired
1476,42,Female,1650,265.9,8.5,0,2.71,Neutral
1286,20,Female,17417,866.5,7.5,32,1.4,Neutral
1302,55,Male,14119,766.5,6.7,81,2.6,Tired
1310,37,Male,8644,495,8.2,47,1.8,Happy
1207,51,Male,18494,900,7.6,65,2.44,Neutral
1617,47,Female,9653,587.2,6.3,34,2.63,Happy
1445,34,Female,15416,751.9,9.1,0,2.25,Neutral
1669,27,Female,2874,362.3,7.7,42,1.35,Neutral
1632,52,Male,11429,631.4,5.9,0,1.67,Neutral
1054,37,Female,13213,710.6,5.7,85,2.82,Neutral
1911,35,Male,17219,900,9.9,69,2.11,Tired
1011,44,Male,18640,900,6.3,32,2.89,Neutral
1656,53,Male,4240,346.3,8.1,21,2.51,Neutral
1399,40,Male,16802,877.7,7.6,53,2.36,Tired
1907,49,Male,17122,900,8.1,59,2.74,Tired
1647,27,Male,11903,739.3,9.9,88,2.03,Tired
1979,28,Female,2409,300.8,8.5,80,2.78,Tired
1514,55,Male,11620,688.4,8.3,44,2.21,Happy
1655,23,Male,2832,267.6,6.7,82,4.28,Tired
1541,58,Female,19408,900,6,47,1.71,Tired
1236,51,Male,6736,497.2,10,75,2.25,Tired
1278,53,Female,5993,399.4,6.9,45,2.28,Happy
1347,54,Female,12103,637.9,6.8,46,1.55,Tired
1626,34,Female,15397,848,7.4,45,3.01,Happy
1103,57,Male,4213,361.1,7.3,34,2.2,Neutral
1629,57,Male,11355,665.6,9.4,69,0.83,Happy
1516,29,Female,7208,424.2,7.8,0,2.99,Tired
1979,38,Male,10644,580.2,5,0,2.05,Happy
1871,57,Male,7453,579.7,6,23,2.43,Happy
1247,36,Female,12093,650.8,7,49,2.97,Happy
1363,20,Female,14741,779.5,8.5,28,2.24,Happy
1320,35,Male,12263,702.4,4.7,61,2.24,Happy
1632,36,Female,1305,198.7,7.7,33,4.23,Happy
1285,23,Female,2384,363,8.1,59,0.99,Happy
1148,33,Female,18958,900,8.3,22,1.6,Happy
1083,25,Male,1872,263.1,6.9,60,1.74,Neutral
1965,35,Male,9360,627.8,8.6,52,3.75,Neutral
1405,56,Male,10795,677.4,5.8,79,2.05,Tired
1977,29,Female,18414,900,8.4,83,2.67,Tired
1455,27,Male,10926,615.2,6.9,81,2.17,Tired
1742,24,Female,16491,900,7.1,26,2.92,Tired
1799,18,Male,7905,548.5,7,69,2.49,Tired
1160,53,Male,5442,502.2,8,0,2.68,Tired
1783,38,Female,16290,900,5.3,66,3.4,Neutral
1459,54,Male,4667,354.6,8.3,0,2.81,Neutral
1549,41,Female,18660,900,8.3,45,1.99,Neutral
1499,42,Male,7553,411.9,6.5,0,2.72,Happy
1737,24,Male,17926,816.5,7,70,4.19,Happy
1508,59,Female,5808,401.7,5.7,71,2.9,Tired
1653,34,Female,8731,612.6,5.3,35,2.61,Neutral
1803,46,Female,1583,238.4,7.3,67,1.54,Tired
1480,47,Male,17894,881.9,7.3,46,3.01,Neutral
1662,24,Male,10138,640.5,6.5,52,3.11,Neutral
1113,50,Male,8695,504.7,5.1,42,2.72,Tired
1748,24,Female,4473,470.9,7.7,64,2.58,Tired
1577,41,Female,2198,274.8,6.5,41,4.48,Happy
1360,28,Female,4995,446.3,5.9,61,3.1,Neutral
1340,26,Male,13113,714.5,8.9,52,3.37,Happy
1769,29,Male,5535,422.6,5.5,29,2.55,Happy
1986,52,Female,6871,531.2,7.8,0,2.41,Happy
1760,21,Male,3447,349.3,4.8,58,2.94,Happy
1968,53,Female,10408,691,4.8,0,2.41,Neutral
1448,45,Male,7844,474.6,7.7,70,2.46,Neutral
1842,30,Male,18674,882,6.5,0,2.82,Happy
1834,40,Female,13413,649.1,5.2,34,2.14,Neutral
1179,36,Male,16169,900,8.4,77,2.65,Happy
1701,59,Male,8549,587,7.6,78,2.56,Tired
1406,54,Female,9693,574.4,3.8,45,3.18,Happy
1665,56,Female,12063,697.5,8.4,60,2.07,Tired
1195,41,Male,17770,900,5.4,63,1.1,Happy
1465,33,Female,9603,574.6,4.4,0,2.28,Happy
1310,50,Male,3006,232.2,5.8,56,2.78,Neutral
1261,29,Female,6213,361.2,6.9,0,3.17,Tired
1418,51,Male,19531,900,7.1,23,2.02,Neutral
1405,24,Male,4868,399.8,4.5,43,2.88,Happy
1938,28,Female,10530,574.1,4.9,0,3.29,Tired
1142,48,Male,15360,866.1,5.9,82,3.03,Happy
1341,46,Male,7637,441.8,6,0,1.95,Tired
1315,30,Female,17736,874.8,8.1,0,2.02,Tired
1100,48,Female,5964,347.5,6.4,32,2.8,Happy
1243,19,Male,2302,269.8,8.1,46,3.64,Happy
1489,56,Female,8749,550.3,8.6,36,2.51,Neutral
1011,32,Female,1846,327.7,7.8,88,2.38,Neutral
1238,28,Male,14390,781.6,3,0,1.54,Happy
1560,51,Male,14735,826.4,6.5,37,2.24,Neutral
1041,56,Female,15876,885.3,6.8,35,2,Neutral
1677,21,Female,14967,818.3,6.9,70,2.52,Happy
1593,28,Female,19908,900,3.9,0,1.44,Tired
1428,46,Male,19262,900,5.9,58,2.27,Happy
1802,19,Male,5105,478.6,5,75,1.79,Neutral
1157,33,Male,3819,337,5.6,73,3.16,Happy
1215,56,Male,9077,590.8,6.6,63,1.9,Happy
1669,30,Male,13022,747.3,5.9,65,2.1,Tired
1461,54,Male,10250,591.6,5.7,0,2.7,Tired
1133,34,Male,19873,900,6.7,0,2.18,Neutral
1066,38,Female,12793,692.5,6.3,0,4.15,Neutral
1847,36,Female,19677,900,7.3,85,3.15,Neutral
1006,24,Male,18058,900,6.4,0,2.51,Neutral
1947,55,Male,11070,645,4.6,62,2.76,Neutral
1525,25,Male,7257,537,5.5,0,0.85,Happy
1072,30,Female,2011,183.1,6.5,24,3.36,Happy
1398,54,Male,17616,900,6.3,0,2.86,Neutral
1404,19,Female,3173,362.3,4.9,56,2.45,Tired
1674,58,Female,4384,346.6,8,45,2.9,Tired
1577,28,Female,19712,900,7.5,28,2.98,Neutral
1858,41,Female,1797,223.1,6.1,34,2.21,Happy
1129,23,Female,8121,484.9,6.8,45,2.77,Tired
1930,43,Male,14594,797.3,5.4,82,3.23,Tired
1465,24,Male,15986,900,8.3,89,2.82,Tired
1205,56,Female,8690,580.8,10,0,2.32,Tired
1787,36,Male,13669,704.3,6,73,2.71,Happy
1977,23,Female,19973,900,8.8,50,3.47,Happy
1767,46,Female,18847,900,5.7,51,3.05,Tired
1265,56,Male,12554,615.8,6.2,0,1.69,Happy
1536,19,Male,18431,900,9.2,37,2.91,Happy
1961,36,Male,5871,427.7,6.8,47,2.82,Neutral
1792,21,Male,14354,780.1,8,44,3.31,Neutral
1252,23,Male,6289,450,6.6,58,2.52,Neutral
1821,54,Female,18945,900,4.3,68,2.24,Neutral
1288,45,Male,16831,826.5,10,23,1.54,Tired
1163,47,Male,7286,475.2,6.7,71,2.01,Neutral
1094,24,Male,17958,900,7.2,87,3.35,Neutral
1781,26,Female,14916,854.6,5.9,76,2.64,Happy
1832,42,Male,10934,602.5,8.2,32,2.43,Tired
1109,50,Female,13762,738.3,8.1,84,3.41,Happy
1335,18,Male,11550,644.2,4.7,82,3.26,Happy
1821,23,Male,5024,480.3,7.3,0,1.98,Happy
1237,35,Female,9722,622.1,8.3,0,3.34,Neutral
1380,27,Male,18374,888.3,8.8,0,1.34,Tired
1435,45,Male,3120,344.7,8,80,2.82,Neutral
1898,28,Female,19825,900,8.1,26,2.74,Tired
1482,50,Male,6877,488.1,6.2,0,3.3,Happy
1936,18,Female,11720,737.1,5.2,36,2.77,Tired
1901,30,Female,19904,898.3,6.5,79,2.33,Happy
1024,54,Female,18335,883,5.1,85,2.38,Neutral
1652,37,Female,15659,834.2,5.9,57,4.39,Happy
1116,18,Female,1964,258.8,5.9,32,2.56,Neutral
1481,20,Male,3134,336.1,5.6,71,2.92,Neutral
1391,35,Male,3244,325.6,7.8,71,1.09,Neutral
1916,58,Male,3803,268.1,5.5,51,1.92,Happy
1993,31,Female,4911,427.5,9.8,28,2.86,Neutral
1963,48,Female,12216,621.9,8.5,36,1.37,Tired
1536,44,Female,2408,306.6,8.8,0,2.88,Tired
1078,34,Female,14195,745.1,6,73,1.99,Tired
1579,46,Male,12170,806.9,7.3,73,1.78,Tired
1172,53,Male,8663,540.5,5.4,47,1.99,Neutral
1955,54,Female,10809,649.9,7.3,69,3.57,Tired
1011,43,Female,8113,552.2,4.3,37,2.73,Happy
1799,34,Male,9142,582.6,8.6,32,1.86,Tired
1127,39,Female,14778,789.8,6,52,3.04,Tired
1607,42,Female,18772,900,7.5,0,3.08,Happy
1091,19,Female,5367,409.1,7.7,57,2.23,Happy
1652,39,Male,13679,653.9,6.2,25,3.17,Tired
1542,22,Male,11786,695.8,5.8,64,3.2,Neutral
1845,21,Female,14012,900,6.8,78,3.1,Happy
1531,53,Male,10938,646.4,8.2,67,2.03,Neutral
1657,23,Female,12693,724.7,6.8,60,1.67,Neutral
1988,38,Female,12051,604.4,7.9,74,1.31,Tired
1827,30,Male,4978,358.3,8.2,80,2.04,Neutral
1446,54,Female,16611,900,6.7,0,2.24,Neutral
1389,42,Female,5490,347.2,6.8,21,2.3,Neutral
1671,43,Male,18236,893,7.2,29,2.47,Tired
1860,56,Female,7377,523.5,8.7,58,3.71,Happy
1042,37,Female,10903,676.6,6.5,0,2.26,Tired
1253,50,Female,15567,817.2,8.7,84,2.47,Happy
1129,31,Male,16788,877.7,7.4,85,1.23,Neutral
1059,53,Female,18440,900,5.9,71,4.06,Happy
1662,34,Male,3260,268.7,6.9,63,1.58,Happy
1466,38,Female,18292,900,5.3,53,2.01,Happy
1286,33,Female,17833,900,5,64,2.99,Happy
1516,33,Female,17952,900,7.9,51,2.67,Neutral
1466,37,Female,4498,283.6,8.2,24,3.65,Happy
1929,46,Male,14961,875.2,7,82,3,Happy
1777,45,Male,11518,606.1,7.1,88,2.44,Neutral
1344,25,Female,13501,743.6,6.1,73,3.23,Happy
1641,41,Female,2308,308.4,7.3,57,3.31,Tired
1381,20,Female,16902,853.3,10,28,2.04,Happy
1778,42,Female,1717,280.9,8.5,80,3.17,Tired
1689,36,Female,4345,335,6.9,40,2.34,Tired
1252,50,Female,16370,900,6.8,55,2.43,Tired
1926,19,Female,14953,785.1,6.4,20,2.6,Neutral
1055,32,Female,10095,648.8,4.9,41,2.23,Tired
1462,39,Male,10642,571,6.3,0,2.2,Tired
1456,27,Male,18839,900,8,65,3.19,Neutral
1982,35,Male,8035,485.5,5.6,84,1.43,Neutral
1082,39,Female,1531,191.6,6.6,25,1.76,Tired
1904,44,Female,3267,277.4,5.3,59,2.97,Neutral
1098,30,Female,17716,866.2,8.2,54,2.45,Happy
1148,50,Male,17130,890.8,5.1,80,3.19,Tired
1328,22,Female,14736,900,7.9,42,2.75,Tired
1155,43,Male,10513,757.3,8.5,39,1.57,Happy
1189,30,Female,14815,776.5,6.5,47,2.54,Neutral
1493,44,Male,13244,777.7,6,0,2.87,Happy
1882,31,Male,10900,573.3,7.7,26,2.66,Happy
1262,41,Male,12718,603.5,9.4,0,2.17,Neutral
1079,20,Female,17784,900,9,43,2.31,Neutral
1399,47,Male,12822,740.2,6.9,32,2.11,Tired
1763,52,Female,12229,728.3,5.7,0,1.57,Tired
1608,31,Female,4991,453.6,6.7,34,1.48,Tired
1259,29,Female,18441,900,4.5,0,2.77,Neutral
1771,45,Female,8933,560.9,6.2,88,1.89,Tired
1614,46,Female,15583,864.4,7.7,79,2.9,Happy
1551,34,Male,9233,629,6.4,29,2.08,Tired
1784,57,Female,14088,718.2,6.1,70,1.58,Neutral
1100,38,Female,17410,900,6.9,83,2.21,Neutral
1358,40,Female,3618,377.2,6.6,75,3.97,Tired
1379,37,Female,10362,621.9,8.1,0,2.43,Neutral
1819,28,Female,7639,474.5,5,42,2.95,Neutral
1220,51,Male,8042,521.8,7.8,73,2.62,Tired
1819,27,Male,12391,722.1,6.9,0,1.52,Tired
1419,27,Female,3018,282.7,7.7,80,3.51,Happy
1123,23,Male,13952,698.2,4.9,39,2.33,Neutral
1421,53,Male,17240,900,8.3,72,1.58,Tired
1230,41,Female,3047,331.3,7.8,34,2.14,Happy
1689,29,Male,18942,900,9.5,48,2.36,Neutral
1062,40,Female,2722,319.4,5.8,0,3.02,Neutral
1484,44,Male,5052,454.6,6.1,0,2.02,Happy
1627,54,Male,2651,310,4.3,81,4.33,Neutral
1702,23,Male,2778,340.5,5.8,0,1.84,Tired
1573,18,Female,1683,211.8,9.2,35,2.93,Happy
1767,23,Male,10471,530.6,7.4,73,1.12,Happy
1482,39,Male,19394,900,5.9,26,2.41,Tired
1518,58,Female,14937,726.2,7.2,79,2.76,Happy
1154,41,Female,19966,892.8,6.9,29,1.72,Tired
1091,42,Male,9505,595.3,4.1,0,3.55,Tired
1981,32,Female,8443,449.3,4.4,27,2.8,Neutral
1525,43,Male,6492,507.2,8.7,56,2.28,Neutral
1454,25,Male,17827,900,8.1,23,2.8,Neutral
1740,41,Female,19055,890.1,4.8,42,2.08,Neutral
1597,55,Female,4266,385.1,6.8,28,3.38,Neutral
1644,23,Female,6909,569.3,5.9,57,3.21,Tired
1509,52,Male,13869,731.2,8.6,0,2.76,Happy
1182,59,Female,8014,551.1,7.7,64,2.93,Happy
1385,18,Male,12287,811.1,5.3,37,1.47,Neutral
1573,53,Female,8819,468.9,7.2,65,3.53,Tired
1730,29,Male,15837,782.5,6.9,21,2.43,Tired
1404,55,Female,16186,875.6,6.9,67,3.22,Tired
1245,28,Male,11056,750.9,6.2,0,3.02,Happy
1741,29,Female,1715,233,7,35,3.21,Tired
1590,59,Male,18275,900,5.7,64,1.77,Neutral
1660,56,Female,17884,900,5.2,67,1.86,Tired
1649,24,Female,13694,649.4,5.1,43,4.07,Neutral
1470,28,Male,9894,675.3,5.4,84,1.44,Happy
1825,53,Female,19717,900,7.6,52,1.73,Happy
1887,48,Male,19578,900,7.7,23,2.53,Tired
1422,50,Male,11201,565.1,9.2,20,2.53,Happy
1900,30,Female,11515,622.9,6.7,52,2.12,Happy
1064,35,Male,10077,528.2,8.1,0,2.93,Tired
1012,58,Female,18975,878.9,7.1,22,3.13,Happy
1212,41,Female,11443,662.6,7.4,64,2.49,Neutral
1985,26,Male,5440,445.9,8.2,40,2.31,Tired
1241,48,Female,2783,284,7.9,0,2.48,Neutral
1492,58,Male,14113,692.7,7.2,76,2.15,Happy
1212,27,Male,6385,391.6,6.1,59,1.31,Tired
1692,19,Female,5117,423.3,7.4,81,2.71,Neutral
1337,55,Female,7982,524.8,9,62,3.04,Tired
1996,32,Male,3583,362.7,7.3,0,2.39,Neutral
1172,20,Male,10921,714.8,6.4,43,0.91,Neutral
1671,48,Female,14407,805,8.2,43,2.1,Tired
1163,23,Female,16316,873.1,4.9,0,3.13,Neutral
1464,20,Female,14756,900,6.5,87,1.49,Tired
1994,28,Female,16348,840.2,5.5,76,2.99,Happy
1496,32,Male,3430,456.4,6.8,0,2.19,Neutral
1699,45,Female,8060,593.6,8.9,67,2.49,Neutral
1394,27,Male,3936,342.5,8,46,2.02,Neutral
1702,55,Male,12864,754.8,4.2,49,1.71,Neutral
1916,24,Female,10307,601.5,6.1,65,3.5,Happy
1307,32,Male,7709,436.5,4.8,31,3.07,Tired
1767,35,Female,10075,602.6,8.6,79,2.95,Tired
1182,35,Male,7616,431.3,6.1,38,3.14,Tired
1628,58,Female,3419,348.4,7.1,0,2.85,Happy
1793,41,Male,2399,336,7.2,73,3.16,Happy
1509,19,Male,10768,619.9,7.3,53,2.04,Tired
1707,57,Female,19468,900,3,26,3.46,Tired
1545,37,Female,15245,820.5,7.5,61,3.4,Happy
1563,51,Male,13978,801.3,6.2,0,2.77,Happy
1623,43,Male,15436,821.9,8.3,72,2.3,Neutral
1763,24,Female,2535,285.7,7.3,27,1.64,Tired
1593,55,Male,9281,611.2,7.9,41,2.66,Tired
1743,47,Female,16365,862.5,5.9,45,3.68,Tired
1226,59,Male,14450,671.2,5.3,82,1.69,Tired
1744,22,Female,5190,390.1,8.3,65,3.21,Tired
1732,28,Male,19038,900,7.8,63,2.17,Neutral
1435,18,Female,11093,651.1,7.3,0,2.23,Happy
1924,51,Female,11871,676.8,7.3,55,1.68,Neutral
1421,18,Male,8452,440.6,7.6,60,1.97,Neutral
1553,36,Female,4960,323.8,5.1,46,2.95,Tired
1020,19,Male,7834,465.7,8.6,89,3.04,Neutral
1553,38,Female,11564,665.8,6.8,60,2.67,Neutral
1396,37,Female,15742,883.4,6.8,0,2.15,Tired
1624,40,Female,6091,363.5,6.4,76,1.73,Neutral
1104,38,Male,17902,882.5,3.3,0,2.54,Neutral
1191,41,Female,4710,386,7.9,31,2.24,Happy
1016,21,Male,18213,882,5.5,44,2.65,Tired
1119,29,Female,7627,509.4,7.2,53,2.28,Tired
1392,39,Male,8988,591.5,5.8,43,2.29,Neutral
1424,37,Male,3986,321.6,6.5,82,2.61,Tired
1128,35,Male,11509,676.7,6.4,82,2.75,Happy
1129,18,Female,16300,846.3,5.7,29,3.36,Neutral
1571,47,Male,13665,689.1,6.7,24,2.26,Happy
1559,50,Female,17560,895.4,6.3,0,2.88,Neutral
1028,41,Male,11513,683.4,5.4,47,3.76,Neutral
1096,31,Male,10906,706.9,8.8,0,2.9,Tired
1009,53,Male,7170,569,5.8,64,3.31,Tired
1241,22,Male,3623,316.5,7.8,85,2.07,Neutral
1825,28,Female,16576,831.6,8,68,2,Happy
1955,41,Male,5365,416.6,8.4,59,2.39,Neutral
1231,48,Male,12379,668,6.2,85,2.46,Neutral
1788,30,Female,5340,474.3,6.7,27,3.25,Neutral
1283,33,Male,5755,435.2,6.7,0,1.99,Happy
1714,41,Male,16963,881.3,7.8,36,2.44,Tired
1758,30,Male,10098,636.1,6.6,87,3.25,Tired
1801,41,Male,16991,887.6,7.7,63,2.65,Happy
1775,43,Female,19259,900,6.6,50,2.49,Tired
1954,19,Female,4958,411.5,8.7,24,2.67,Neutral
1725,33,Male,3136,318.2,7,79,1.71,Tired
1199,55,Female,11788,626.4,6.8,0,1.7,Tired
1944,18,Female,10045,689.8,7.5,61,1.39,Happy
1078,28,Male,1506,215,9.5,42,2.64,Happy
1912,52,Female,9599,666.7,6.1,36,3.14,Neutral
1955,46,Male,9715,605.7,8.6,77,3.04,Neutral
1854,54,Female,4050,331.9,5.8,68,3.3,Tired
1855,34,Female,15783,859.1,7.1,22,3.52,Happy
1172,56,Female,3397,375.2,5.8,64,2.6,Happy
1466,59,Male,8912,642.4,6.4,54,2.45,Neutral
1580,45,Female,2309,226.6,6,21,3.53,Tired
1415,46,Male,8202,521.1,8,66,2.01,Tired
1939,20,Male,8700,616.9,6.3,22,1.68,Happy
1448,27,Female,5718,466,7.8,48,2.26,Happy
1086,59,Male,6950,502.3,6.2,39,2.18,Happy
1100,31,Female,11233,723.2,7,53,2.53,Happy
1007,29,Male,15171,797.8,9.2,59,1.9,Neutral
1844,59,Male,11726,549.1,5.9,0,2.76,Neutral
1199,47,Female,18139,900,5.9,82,2.1,Happy
1504,49,Female,1145,346.4,6.6,75,3.36,Tired
1086,49,Female,13014,735.5,7,0,1.66,Neutral
1042,59,Female,2858,272.2,7.9,85,2.4,Happy
1384,49,Male,5722,495.6,7.1,60,2.27,Happy
1620,43,Male,4598,426.2,7.4,48,2.66,Tired
1434,18,Male,14583,790.7,5.3,70,3.15,Tired
1407,59,Female,15869,864,7.5,31,2.69,Happy
1482,19,Male,18013,869.7,7.5,63,2.41,Neutral
1663,34,Female,16216,830.5,8,29,2.98,Neutral
1016,47,Male,12358,691.1,6.5,0,3.09,Tired
1644,56,Female,4518,435.7,7,48,2.69,Neutral
1147,24,Male,5352,386.6,8.1,48,2.77,Neutral
1276,44,Male,13106,723,5.4,0,2.95,Neutral
1231,26,Female,8429,609.2,4.3,0,1.35,Happy
1825,39,Male,10096,730.1,5.3,22,2.25,Happy
1926,51,Female,6555,418.7,6,23,2.76,Neutral
1365,18,Male,8997,566.9,8.6,74,2.3,Happy
1227,26,Male,11809,597,10,33,2.3,Tired
1650,37,Female,17491,898.9,5.6,47,2.76,Neutral
1435,36,Female,10868,620.2,6.9,82,2.78,Neutral
1398,53,Male,5195,470.4,6.2,58,2.83,Tired
1210,57,Male,9456,519.6,7.7,83,1.95,Neutral
1390,21,Male,4821,327.3,7.4,79,1.51,Neutral
1498,26,Male,18060,900,5.7,39,3.06,Neutral
1539,58,Male,12678,675.5,6.1,0,1.98,Tired
1562,39,Male,6178,457,6.8,33,1.93,Happy
1490,35,Female,11898,690.7,8.8,77,1.87,Happy
1441,29,Female,6566,423.3,6,58,3.31,Neutral
1260,59,Female,6420,417.5,4.7,77,2.65,Happy
1772,56,Male,1607,320.6,9,34,2.74,Neutral
1349,26,Male,6674,500.8,7.7,22,2.98,Tired
1351,23,Male,3394,335,5.3,0,2.47,Tired
1519,36,Female,12051,675.2,7.5,61,3.21,Neutral
1319,24,Female,9070,578.6,8.2,34,1.66,Neutral
1137,33,Male,11039,660.7,7.1,22,1.74,Neutral
1549,22,Male,3021,383.9,9,54,1.7,Happy
1622,33,Female,17110,883.4,7.8,0,2.8,Tired
1991,18,Female,3048,344.1,7.5,43,2.85,Neutral
1367,54,Female,1893,311.6,7.3,50,2.17,Happy
1219,56,Male,14043,798.5,7.2,23,2.34,Neutral
1336,36,Male,12792,784.2,8.3,22,3.39,Tired
1222,54,Male,14613,783.9,6.8,0,2.01,Tired
1647,34,Female,15316,784.3,8.4,87,2.71,Tired
1767,43,Female,7087,465.6,7.5,79,2.02,Neutral
1359,39,Male,3933,389.4,7.2,30,3.27,Tired
1920,25,Male,19665,900,6.5,55,2.94,Neutral
1328,50,Female,9264,684.9,6.6,21,1.52,Happy
1961,19,Male,2380,295.8,7.5,69,2.32,Happy
1462,47,Female,17867,866.9,8.5,0,1.04,Happy
1945,37,Female,10221,625,7.8,0,3.13,Neutral
1962,35,Male,12973,795.9,5.9,81,3.93,Tired
1560,27,Female,14164,725.8,4.6,33,0.97,Tired
1803,41,Male,7101,441.8,8.1,42,1.5,Neutral
1381,21,Female,5954,428.8,10,35,2.62,Happy
1835,54,Female,6953,445.8,6.6,0,2.49,Happy
1589,21,Male,7280,423.7,6.3,0,2.21,Neutral
1616,30,Female,1778,194.1,8.2,75,1.28,Tired
1168,42,Male,4475,390.6,5.7,64,2.73,Tired
1216,30,Male,5723,464.7,9.2,59,3.12,Tired
1377,35,Female,15890,800.5,7.6,0,4.49,Tired
1118,41,Male,7713,505,7,51,3.42,Happy
1189,19,Male,9601,593.3,5.8,20,1.59,Tired
1766,50,Male,18443,882.5,8.3,54,2.49,Neutral
1369,36,Male,19693,900,6.3,55,2.91,Tired
1777,26,Male,18984,900,8.1,85,2.02,Happy
1148,45,Male,13735,775.6,7.6,48,3.05,Tired
1675,52,Female,19617,900,8.9,62,2.99,Tired
1651,56,Male,10489,740.8,7.2,48,3.37,Neutral
1858,27,Female,14974,747.7,10,62,3.06,Tired
1487,18,Female,17735,864.8,7.8,38,2.7,Tired
1769,59,Male,14724,873.1,7.2,0,2.05,Neutral
1373,38,Female,12414,729.2,6.4,0,1.59,Neutral
1780,26,Female,11623,668.4,8.3,38,2.65,Neutral
1692,32,Male,16395,831.9,6.5,48,2.22,Neutral
1159,52,Male,7469,487.2,5.8,26,2.28,Happy
1350,22,Male,11705,657.6,6.3,77,3.29,Tired
1911,58,Female,4166,291.9,6.7,79,3.46,Tired
1287,39,Female,3209,377,10,70,1.64,Happy
1287,58,Male,9747,489.3,7.4,0,2.35,Neutral
1891,40,Male,1299,209.5,6,40,2.2,Tired
1225,24,Female,14551,760.5,8.6,28,2.72,Neutral
1522,40,Female,1563,369.7,7.3,0,0.91,Neutral
1521,42,Female,13201,723,8.9,53,1.48,Happy
1782,44,Female,10214,624.4,9.9,66,2.42,Happy
1272,58,Male,18574,899.1,4.8,43,3.05,Neutral
1935,23,Female,11096,687.3,3.4,0,2.55,Tired
1401,51,Female,11228,796.7,10,65,2.97,Neutral
1182,26,Female,10218,633.3,6,70,2.64,Tired
1968,50,Female,19802,900,4.5,0,3.39,Neutral
1664,23,Male,15613,722.9,6.2,0,3.54,Neutral
1487,54,Male,19947,900,5.5,72,1.97,Tired
1826,48,Female,15093,754.4,5.8,83,3.12,Happy
1845,51,Female,17653,868.3,8.3,71,2.86,Happy
1123,58,Male,7619,551.3,6.5,79,4.25,Neutral
1984,46,Male,10119,581.1,4.6,60,1.94,Tired
1625,31,Female,5555,417.5,7,30,2.42,Happy
1789,53,Female,14327,810.6,5.7,23,1.78,Tired
1413,53,Male,2042,246.4,6.6,0,1.82,Happy
1979,32,Male,6444,393.3,6.7,32,2.77,Tired
1724,25,Male,5188,430.7,8.3,34,2.64,Neutral
1171,43,Male,14060,800.1,6.2,0,2.88,Tired
1287,53,Male,11233,620.4,8,30,2.86,Neutral
1434,38,Male,4088,332.2,4.6,42,2.34,Happy
1685,45,Female,2646,250.8,8.3,26,2.33,Tired
1112,21,Male,14127,800.8,8.9,88,1.82,Happy
1887,33,Male,1487,355.4,6.7,51,2.01,Happy
1916,39,Male,16453,900,5.8,63,2.46,Neutral
1994,29,Male,2747,305.3,5.4,22,2.64,Tired
1121,33,Female,17911,900,7,63,3,Neutral
1543,57,Female,18551,900,8.8,0,2.93,Tired
1221,55,Male,17278,900,6.4,70,3.59,Happy
1630,59,Female,12931,663,8.7,80,1.82,Happy
1038,54,Female,1483,253.2,5.3,70,2.34,Tired
1496,46,Female,1451,311.8,6.5,52,1.88,Happy
1779,35,Female,5069,443.4,6.9,39,3.39,Happy
1232,27,Female,14386,803.9,7.3,0,2.15,Neutral
1942,59,Female,8207,549.1,6.5,0,3.31,Happy
1529,56,Male,5397,379.1,8.9,0,3.52,Happy
1148,35,Male,6671,474,8.9,40,2.79,Happy
1396,18,Male,19157,900,6.7,72,2.71,Tired
1660,56,Male,10190,595.4,6.2,30,2.53,Happy
1637,38,Male,8412,526.3,6.1,29,2.28,Neutral
1903,18,Female,19449,900,8.6,54,2.19,Neutral
1301,32,Male,9589,569.3,6,45,2.4,Neutral
1359,21,Male,15929,798.5,4.8,63,3.78,Neutral
1237,37,Female,7332,494.5,5,23,1.77,Happy
1646,27,Female,16979,863.1,8,0,2.64,Neutral
1662,40,Male,8913,482.8,5,0,3,Tired
1235,58,Female,10995,769.8,6.4,60,2.3,Tired
1735,51,Female,2946,266,7.2,86,2.79,Happy
1202,50,Female,4415,369.9,4.5,0,1.45,Tired
1255,51,Female,2394,298.8,7.3,23,3.43,Tired
1597,56,Male,16084,816.6,6.5,32,3.29,Happy
1661,27,Female,3421,332.4,4.1,0,2.43,Happy
1234,37,Male,8345,492.9,7.3,26,1.88,Neutral
1344,18,Male,9030,597.6,7.6,47,3.06,Neutral
1533,30,Female,11980,678.1,7.3,78,1.7,Happy
1859,18,Female,2844,349.7,7.8,56,1.8,Tired
1796,22,Female,2804,385.7,7.4,34,2.46,Happy
1780,33,Male,10081,589.2,8.1,49,3.56,Neutral
1465,32,Female,19887,900,5.6,31,2.95,Happy
1769,45,Female,19277,900,4.9,49,2.05,Happy
1540,48,Female,19050,900,5.3,0,1.32,Tired
1212,40,Female,5344,448.3,5.8,55,2.53,Happy
1462,34,Female,12833,690.1,10,40,2.68,Neutral
1435,51,Male,2259,350.2,5.8,51,2.45,Happy
1282,30,Female,19604,900,6.2,82,3.76,Tired
1561,31,Female,14859,829.5,6.6,32,2.41,Happy
1606,28,Female,12030,731,6.5,56,0.9,Tired
1462,45,Male,3447,278.9,9.7,63,2.22,Happy
1406,59,Female,4129,331.8,4.4,40,2.82,Tired
1087,49,Male,19282,900,10,37,2.77,Happy
1043,52,Male,8697,601.9,7.2,0,2.38,Happy
1460,48,Female,4949,339.2,8.4,66,2.26,Happy
1277,34,Female,11659,682.6,7,45,1.1,Happy
1682,26,Female,9010,596.7,8.2,24,2.56,Happy
1420,27,Male,17400,900,5.6,24,2.26,Neutral
1700,25,Male,8959,622.1,5,50,2.67,Neutral
1352,38,Male,7241,393.4,10,47,2.84,Happy
1695,30,Male,15787,861.9,9.9,84,3.37,Tired
1514,22,Male,8906,547.2,5.4,32,1.83,Tired
1702,23,Male,14185,692.1,8.1,37,1.59,Neutral
1629,47,Female,14303,718.1,8.7,43,2.1,Neutral
1018,48,Female,2266,368.9,8,48,1.99,Neutral
1022,34,Male,1478,290.7,6.7,47,1.92,Tired
1412,28,Female,4977,439.2,10,64,3.51,Neutral
1029,37,Female,7068,530.7,8,30,2.6,Neutral
1806,26,Male,12736,641.6,5.6,70,3.88,Neutral
1107,19,Male,13740,761.9,6.4,78,2.5,Happy
1366,54,Female,8791,606.6,5.4,32,1.68,Happy
1280,18,Male,1485,239.3,6.8,66,1.93,Neutral
1127,21,Male,13280,799.3,6.8,62,3.22,Tired
1228,53,Female,5673,396.3,8.1,43,1.71,Happy
1110,42,Male,1337,259.7,8.1,0,2.89,Neutral
1135,20,Female,16092,863.6,7.6,0,2.25,Happy
1361,26,Female,3003,357.8,7.5,0,1.85,Tired
1185,39,Female,2471,284.5,8.6,88,3.47,Neutral
1655,40,Female,19426,900,6.7,73,2.09,Neutral
1583,29,Female,12620,726.2,3.4,33,1.92,Happy
1128,27,Male,18903,874.2,10,34,2.44,Neutral
1875,51,Male,7489,591.4,5.6,29,2.14,Happy
1260,27,Male,8856,506.3,8,0,4.05,Tired
1514,47,Male,10365,710.6,6.5,32,3.24,Happy
1448,39,Female,2605,296.3,9.1,84,2.09,Neutral
1899,23,Female,6664,449.4,5.6,33,2.17,Tired
1103,19,Male,6379,475.1,5.9,63,1.09,Tired
1482,47,Female,12585,668.5,6.3,0,2.6,Tired
1223,19,Male,3124,230.7,7.8,54,1.98,Happy
1831,49,Male,14421,771.4,7.3,84,2.56,Tired
1873,59,Male,5991,458.4,7.8,46,1.12,Neutral
1865,33,Female,7794,588.6,7.2,0,2.48,Tired
1490,29,Female,18830,893.6,8.4,0,3.69,Tired
1472,18,Female,4306,401.3,8.4,41,2.54,Happy
1009,25,Female,19756,900,9.3,53,1.96,Happy
1404,30,Male,17534,900,7.5,28,2.49,Neutral
1895,32,Female,16905,900,7.5,69,2.46,Neutral
1301,25,Female,19043,900,9.7,73,4.03,Happy
1230,27,Female,10070,611.2,8.8,77,2.27,Tired
1730,22,Male,8199,582.5,7.8,81,1.66,Happy
1922,36,Male,19703,900,4.9,57,2.52,Happy
1065,55,Female,15133,744.3,4.5,46,2.64,Happy
1936,28,Female,18899,900,7.9,83,2.89,Neutral
1111,37,Female,12579,696,8,22,3.03,Neutral
1012,37,Female,17973,900,5.9,0,3.87,Neutral
1392,38,Male,1587,250.9,7.5,0,2.08,Neutral
1499,35,Female,7223,493.1,5.6,48,2.02,Tired
1931,27,Female,15197,870.4,7.9,88,1.2,Neutral
1597,51,Female,10387,598.5,7.9,27,2.96,Neutral
1233,43,Male,5353,487.8,7.9,38,1.88,Tired
1601,47,Male,15839,753.3,7.5,87,3.12,Tired
1313,26,Female,3605,324.6,6.6,88,2.16,Happy
1565,48,Female,3538,273.3,6.7,67,3.71,Tired
1011,59,Female,14896,801.7,8.7,59,1.5,Tired
1208,21,Female,9757,627.8,7.6,0,3.22,Neutral
1973,23,Female,17198,879.9,7.7,35,3.13,Neutral
1013,31,Male,2756,286.5,7.1,0,2.87,Neutral
1632,21,Male,2360,226.4,8,27,1.72,Neutral
1417,43,Male,19757,900,8.4,24,2.87,Tired
1436,56,Female,2195,286.7,6.1,44,2.59,Neutral
1376,34,Male,19515,900,7.9,72,1.22,Neutral
1019,36,Male,9009,638.5,6.7,68,3.59,Happy
1586,23,Male,14792,774.1,7.5,40,2.26,Tired
1911,46,Female,16777,825.6,8.3,70,3.54,Tired
1754,28,Female,19751,900,4.8,65,2.45,Tired
1734,33,Male,16025,798.1,5.4,28,3.19,Happy
1069,47,Female,2333,240,6,83,1.9,Tired
1823,42,Male,13836,718.8,5.9,42,2.65,Tired
1210,57,Male,4336,494.2,6.8,79,2.6,Neutral
1100,28,Male,9157,508.8,9.5,78,2.27,Tired
1697,24,Male,4387,300.9,8.8,27,1.89,Neutral
1131,43,Female,5713,442.4,6.1,83,0.5,Happy
1622,39,Female,6101,440.2,8.3,73,1.91,Neutral
1380,42,Female,3431,370.2,6.9,34,2.99,Happy
1131,36,Female,2016,252.9,7.5,71,1.52,Happy
1019,48,Male,18025,877.6,5.5,70,1.67,Happy
1905,43,Female,9507,664,5,23,1.5,Neutral
1535,59,Male,1440,177,8.1,53,2.65,Happy
1226,58,Female,18522,900,7,43,1.87,Neutral
1153,53,Female,15634,859.9,7.8,40,3.35,Neutral
1804,40,Female,6243,490.8,9.4,21,3.01,Neutral
1741,30,Male,3303,317,6.6,26,2.64,Happy
1468,42,Male,15986,777,6.7,75,2.71,Neutral
1821,19,Male,13334,808.3,9.7,87,1.97,Neutral
1999,19,Male,15040,779.3,7,54,1.97,Happy
1870,33,Female,6950,554.5,5.8,45,3,Neutral
1404,26,Male,8046,540.2,8.1,37,3.14,Happy
1201,45,Male,7606,480,6.6,0,2.99,Happy
1037,30,Female,4421,396.5,5.8,0,2.17,Happy
1941,52,Female,14434,834.9,7.1,74,2.23,Neutral
1771,58,Male,19462,900,8.2,0,1.85,Neutral
1187,30,Female,7103,447.2,5.3,56,3.04,Tired
1056,48,Male,3200,238.6,5.2,71,1.13,Tired
1940,38,Female,9227,547.9,6.9,38,0.96,Tired
1019,49,Male,10009,640.7,5.3,34,1.1,Happy
1272,51,Male,15221,758.3,5.1,71,1,Tired
1118,25,Male,15108,838.4,7,0,3.45,Neutral
1582,58,Male,2946,319.2,8.7,64,3.05,Happy
1515,19,Male,4956,435.5,8.2,40,1.66,Happy
1220,55,Female,13543,624.8,6.8,0,2.43,Neutral
1525,49,Male,19609,900,8.9,0,3.53,Tired
1514,57,Male,8715,525.5,9.6,67,2.85,Tired
1727,45,Male,4325,466.3,7.7,38,3.98,Neutral
1740,54,Male,9699,550.2,6.5,73,2.42,Neutral
1335,58,Male,4745,383.5,9.3,21,2.04,Tired
1697,18,Female,13308,839.9,9.3,51,1.74,Neutral
1054,58,Female,13069,744.2,7.4,81,2.52,Tired
1499,27,Male,14489,822.5,8.8,26,3.16,Neutral
1899,21,Female,18789,900,5.8,87,2.57,Tired
1887,52,Male,14348,832.9,3.9,41,2.25,Neutral
1765,27,Female,19420,900,5.5,48,3.38,Happy
1535,28,Female,3677,372.2,7.3,22,2.87,Happy
1161,31,Male,2744,305.5,6.9,41,2.42,Happy
1669,55,Female,12175,715,8.4,72,1.96,Neutral
1593,29,Female,11550,580.7,4.8,76,2.32,Tired
1914,34,Male,10423,671.4,4.8,29,2.83,Tired
1158,33,Male,2177,244.6,8.1,59,1.95,Tired
1187,52,Female,1761,256.5,4.8,39,1.64,Happy
1059,19,Female,5778,497,6.6,30,2.16,Happy
1914,28,Female,7458,553.2,7,27,2.47,Tired
1816,58,Male,10735,548.3,6,0,3.45,Neutral
1318,20,Female,19317,900,7.9,44,1.69,Neutral
1877,46,Female,8179,559.2,3.9,0,2.66,Tired
1210,35,Female,15849,747,9.7,81,2.31,Tired
1405,37,Male,5444,488.7,6.5,40,2.34,Neutral
1663,31,Male,3964,364.5,6.7,38,3.58,Tired
1108,51,Male,10222,679.5,10,44,2.56,Neutral
1075,48,Male,13811,715.2,5,24,1.86,Neutral
1541,57,Female,11067,609.9,5.4,31,3.12,Happy
1313,59,Male,8224,580.7,9.1,0,3.07,Happy
1997,35,Female,11472,644.1,4.7,24,1.8,Happy
1116,47,Female,16126,783,7.7,0,1.66,Tired
1926,42,Female,4101,392.1,6.1,23,2.79,Neutral
1867,36,Female,4897,316.3,4.6,64,2.48,Tired
1703,25,Male,4678,459.2,7.8,66,2.17,Tired
1018,45,Male,2843,322.9,7.8,47,3.24,Tired
1431,25,Male,19322,900,7,0,2.09,Neutral
1684,48,Male,16958,900,10,0,2.8,Happy
1739,20,Male,8083,581.5,5.8,31,3.32,Neutral
1349,20,Female,2466,298.8,8.3,0,2.26,Neutral
1182,39,Male,18119,900,7.5,47,1.22,Tired
1112,34,Male,1339,366.2,8.5,0,2.22,Tired
1182,53,Male,12779,727.3,6.2,87,2.63,Happy
1480,34,Male,18760,900,4.9,0,3.2,Neutral
1145,31,Female,18088,900,6,55,2.14,Happy
1830,26,Female,4724,332.2,6.9,81,3.71,Tired
1627,47,Female,9189,581.9,8,58,1.59,Tired
1112,38,Female,11334,619.3,7,60,2.61,Happy
1762,29,Female,1552,220.9,7.3,79,2.33,Happy
1475,54,Male,4491,385.7,9.6,85,3.44,Neutral
1762,49,Female,1789,281.4,7,0,1.47,Happy
1302,28,Female,2173,206.3,6.2,59,2.8,Happy
1970,37,Female,1552,279.3,7.7,38,2.33,Neutral
1824,52,Male,5211,395.9,4.4,74,3.57,Tired
1117,28,Male,9823,662.8,4.4,65,1.92,Neutral
1812,25,Female,17653,900,6.8,23,2.79,Tired
1160,21,Male,1860,231.6,5.6,81,1.91,Tired
1400,44,Male,1290,317.2,6.1,44,2.63,Happy
1197,57,Female,10649,652.8,8.4,82,2.24,Happy
1259,55,Male,15344,802.8,7.8,89,2.23,Happy
1659,47,Male,6870,449.2,6.9,0,1.11,Happy
1751,44,Male,1629,207.8,7.1,23,2.79,Happy
1046,38,Female,8007,459.4,6.4,21,1.74,Tired
1986,37,Female,17186,796.1,8.3,86,1.72,Neutral
1398,21,Female,6943,478.8,8.2,49,1.41,Happy
1709,28,Male,17858,811.3,8.5,23,1.76,Tired
1558,30,Female,5080,359.9,8.4,67,2.85,Happy
1077,26,Male,13972,791.7,7.1,62,2.82,Neutral
1123,21,Male,2760,385.1,6,64,2.96,Tired
1074,29,Male,12274,633.5,6.7,32,1.78,Neutral
1870,26,Female,5708,458.8,7.2,66,2.65,Happy
1136,30,Female,13166,711.2,6,47,2.07,Tired
1601,43,Female,4398,350.1,9.4,0,3.17,Neutral
1399,55,Female,15930,844.9,9.5,47,2.8,Happy
1836,59,Male,11515,627.9,6.8,46,2.04,Happy
1504,30,Female,15705,824,8.5,49,3.23,Tired
1499,56,Male,4561,386,7.8,0,2.86,Happy
1572,45,Female,11607,722.3,6.3,28,1.53,Neutral
1137,36,Female,14018,829.6,7.6,25,1.33,Happy
1049,41,Female,10816,602.7,5.8,48,1.56,Neutral
1770,36,Male,18892,900,5.7,89,3.65,Neutral
1972,30,Male,7831,553.5,7.7,85,1.79,Neutral
1618,30,Male,9195,558.8,7.7,72,3.81,Neutral
1624,45,Male,4447,413.6,10,89,1.75,Tired
1861,19,Male,14680,832.3,6.8,24,1.68,Neutral
1253,27,Female,6584,514.3,6.2,39,3.12,Tired
1629,39,Male,4791,396,8.4,31,3.15,Tired
1709,30,Male,10352,555.9,7,0,2.89,Tired
1848,26,Male,18217,900,6,0,2.97,Happy
1876,50,Male,15698,802.6,6.1,68,1.94,Neutral
1562,31,Female,11190,686.5,6.7,83,3.08,Happy
1756,37,Male,6335,529.7,8.6,69,2.67,Neutral
1914,32,Female,7260,568.1,7.6,58,2.24,Tired
1425,49,Female,16605,900,5.7,59,2.57,Happy
1546,50,Female,19559,900,9.8,0,3.24,Happy
1301,34,Male,10573,693.1,5.6,22,2.77,Tired
1921,41,Female,3788,372.8,5.9,49,0.99,Tired
1580,47,Male,12013,639.3,8.8,48,3.12,Tired
1348,30,Male,13369,777.9,9.2,89,3.07,Happy
1831,33,Male,7721,497.8,7.5,75,2.23,Tired
1932,19,Male,8312,435,5.1,85,2.58,Happy
1979,34,Male,15912,787.5,7.1,82,2.58,Neutral
1048,49,Female,5616,421.4,4.9,0,1.11,Tired
1916,25,Female,1995,274.6,10,72,2.22,Happy
1073,20,Male,1356,201,7.4,65,2.25,Tired
1703,29,Female,2693,345.3,8.2,28,2.39,Tired
1260,37,Male,3590,369.6,6.4,26,2.13,Happy
1355,33,Female,10534,549.6,9.7,82,2.96,Happy
1581,31,Female,8921,688.5,6.2,66,1.93,Happy
1601,33,Female,2691,246.9,5.7,63,3.14,Tired
1259,50,Female,10274,588.1,7.5,68,2.93,Neutral
1637,47,Female,19441,900,8.3,81,3.45,Neutral
1742,29,Male,3904,333.4,10,78,3.71,Tired
1294,32,Male,12387,768.2,9.4,32,3.72,Tired
1930,35,Female,12609,695.6,8.8,49,1.67,Happy
1640,45,Male,7937,471.4,6,62,2.74,Neutral
1791,40,Female,19764,900,5.9,70,2,Neutral
1312,31,Male,9208,423.3,5.7,27,4.8,Neutral
1611,47,Female,16783,898,6.8,56,2.93,Happy
1837,50,Female,9515,645.1,4.1,83,3.49,Neutral
1808,32,Female,3070,207.5,9,0,2.8,Happy
1181,24,Male,18314,900,5.5,27,0.66,Tired
1685,32,Male,13746,667.5,5.3,81,1.95,Happy
1827,59,Female,14771,791.5,6.4,0,2.02,Tired
1363,55,Female,13844,865.9,5,33,2.23,Neutral
1187,28,Male,18828,900,8,0,2.75,Tired
1568,46,Male,13228,718.2,5.6,76,2.85,Tired
1542,48,Male,18905,815,7.8,40,0.66,Tired
1595,42,Male,4098,308.6,8.4,0,2.33,Happy
1663,41,Male,19571,900,6.2,23,2.16,Happy
1984,36,Female,19952,900,5.9,62,3.47,Happy
1547,19,Male,11985,696.6,5.8,30,2.91,Tired
1724,39,Female,9283,609.7,5.4,38,2.37,Tired
1925,37,Female,14555,736.9,6.4,84,2.66,Tired
1407,50,Male,5940,439.6,7.1,21,1.32,Neutral
1875,25,Male,5762,405.7,4.9,68,2.96,Happy
1617,42,Female,2753,263.2,6,88,2.22,Neutral
1413,26,Male,6054,398.6,7.2,53,1.93,Neutral
1341,51,Female,14276,798.1,7.1,23,3.42,Neutral
1219,40,Male,6781,343,3,58,2.69,Tired
1902,22,Male,17471,806.1,8,68,2.03,Happy
1162,42,Male,19025,900,8.9,22,2.08,Neutral
1950,25,Female,3962,325.3,6.1,45,2.76,Happy
1219,33,Male,6413,530,4.4,0,2.7,Happy
1269,32,Female,8420,533.6,5.9,84,2.52,Tired
1631,18,Male,9742,561.6,5.8,0,1.66,Neutral
1905,39,Female,11638,698.4,8.8,77,1.76,Tired
1847,20,Male,7910,520.4,5.4,54,1.98,Happy
1399,55,Female,11482,650.3,6.5,35,2.36,Neutral
1181,31,Female,13029,719,9.5,52,2.47,Happy
1990,53,Female,9815,612.3,7.2,50,2.39,Happy
1617,35,Female,4757,355.9,7.3,41,2.42,Tired
1728,58,Female,5796,407.7,6.8,80,3.82,Neutral
1204,35,Female,4292,322.8,8.5,83,3.09,Tired
1581,20,Male,4832,332.9,7.6,0,3.33,Tired
1555,27,Female,3611,436.9,9.8,54,2.82,Happy
1840,56,Female,9353,528.8,9.9,58,2.55,Neutral
1812,18,Female,11274,700.9,7.5,22,2.79,Neutral
1227,44,Male,9228,551.3,6.9,32,2.66,Neutral
1695,44,Male,12068,709.7,7.2,33,3.07,Tired
1618,28,Male,4346,373.7,6.2,60,1.82,Tired
1595,22,Female,5054,312.6,7.2,27,3.01,Tired
1849,24,Male,16992,881.1,4.8,38,2.62,Happy
1249,36,Male,5200,438.3,5.9,0,1.24,Tired
1874,46,Female,15491,771.9,8.2,69,2.56,Neutral
1440,32,Female,9527,697.2,7.8,80,1.59,Happy
1532,52,Male,15245,850.4,6.8,55,2.13,Neutral
1195,54,Female,11535,702.4,7.6,86,2.39,Tired
1689,29,Female,18944,900,9.3,64,1.45,Neutral
1928,47,Female,8522,424.2,6.4,26,2.46,Happy
1986,37,Female,14173,802.2,4.8,41,2.55,Tired
1518,54,Male,5164,520.4,7.9,28,3.03,Happy
1069,20,Female,13438,775.5,7.8,79,2.18,Tired
1638,26,Male,5852,420.9,8.1,61,2.69,Happy
1398,58,Male,7713,452.8,5.2,78,2.43,Happy
1977,56,Male,4183,306.7,4.7,59,2.21,Neutral
1671,43,Male,9032,494.7,7.4,48,1.33,Tired
1759,19,Female,15275,791,7.3,74,2.42,Tired
1202,40,Female,19793,900,6.5,83,3.02,Tired
1147,40,Female,5298,404.3,9.2,61,1.85,Happy
1471,38,Male,19918,900,7,48,2.35,Neutral
1654,33,Male,6599,378,8.8,40,2.45,Neutral
1943,26,Male,1003,201.9,8.3,82,3.27,Tired
1198,30,Female,14440,748.6,5.4,82,2.52,Tired
1916,45,Male,12289,661.2,5.7,57,2.7,Happy
1425,44,Female,12040,682.5,5.1,85,2.49,Happy
1665,34,Female,14264,776.8,7.6,31,2.16,Happy
1491,55,Female,17410,875.2,7.1,52,1.71,Neutral
1887,53,Female,6161,412.8,9,20,2.3,Happy
1895,18,Male,1964,277.5,7.9,87,2.78,Happy
1141,35,Female,16942,900,5.1,47,2.59,Happy
1312,26,Male,17455,825.4,6.3,81,3.54,Tired
1164,30,Female,6601,520.6,3.8,78,3.16,Happy
1313,57,Male,15184,725.7,7.4,68,3.37,Tired
1020,32,Male,3947,376,10,64,1.08,Neutral
1081,21,Female,11507,712.8,7.2,25,3.61,Neutral
1580,50,Female,13089,657.4,7.3,39,2.69,Tired
1130,41,Female,7238,507.1,7,35,2.79,Tired
1598,53,Male,14156,713.9,7.5,31,3.13,Happy
1729,58,Female,3411,395,6.8,0,2.51,Happy
1932,27,Female,16674,787,7.9,39,1.75,Neutral
1983,53,Male,9308,527.7,5.8,0,3.51,Neutral
1304,37,Female,11403,662.7,5.9,0,1.96,Neutral
1914,58,Male,3924,392.5,5.1,21,1.81,Neutral
1370,28,Female,3837,358.1,7,53,2.34,Happy
1856,29,Male,1576,287.8,5.3,45,2.23,Happy
1852,35,Male,15641,798.2,9.2,52,2.5,Neutral
1383,47,Female,9963,544,6.4,61,2.43,Happy
1907,54,Male,9391,648.9,4,84,3.44,Happy
1444,37,Female,19139,900,5.3,27,2.82,Tired
1424,42,Female,9371,550.5,7.2,84,1.9,Tired
1160,29,Male,19789,900,8,29,2,Neutral
1177,38,Female,7883,576.5,7.5,0,2.23,Neutral
1628,42,Male,16658,900,5.8,70,2.23,Neutral
1707,28,Male,7139,474.7,6.1,76,2.14,Neutral
1894,26,Male,15184,774.3,6,0,1.73,Neutral
1489,42,Male,13965,745.6,7.8,0,2.7,Happy
1326,52,Male,11493,649.2,7.2,50,2.18,Tired
1597,49,Male,2119,323.2,6.3,82,1.83,Tired
1288,31,Male,3214,271.7,6,87,2.84,Tired
1592,18,Male,9000,530.8,6.2,75,3.09,Happy
1663,34,Female,9065,553.4,7,31,2.33,Happy
1572,42,Female,11103,657,9,50,3.75,Happy
1572,25,Male,2085,326.7,7.3,42,4.05,Tired
1353,22,Female,17557,900,6.5,52,2.85,Tired
1027,22,Female,14564,870.2,6.4,27,2.17,Tired
1953,58,Female,4532,331.7,9.6,81,2.69,Tired
1042,52,Female,18622,900,8.2,0,1.64,Tired
1680,36,Female,5834,385.7,8.5,0,1.89,Happy
1422,40,Female,13008,700.6,8.1,71,1.32,Happy
1597,26,Male,13962,777.8,6.9,45,2.06,Tired
1176,47,Female,15461,877.3,8.8,31,1.64,Happy
1528,33,Female,15588,803.8,4.8,46,2.94,Tired
1609,50,Female,9012,580.1,9.3,87,1.98,Tired
1965,19,Female,19357,900,8.1,49,2.69,Tired
1493,31,Male,19628,870.3,7.7,23,3.02,Happy
1197,18,Male,10849,632,5.9,73,3.32,Neutral
1609,43,Male,9604,522.1,8.4,53,2.25,Neutral
1576,42,Male,14767,854.3,8.7,87,2.72,Neutral
1841,33,Female,16111,900,5.9,75,2.74,Neutral
1852,32,Male,8221,487,6,37,3.39,Neutral
1516,43,Male,8814,503.1,5.4,66,3.05,Happy
1513,33,Male,12602,672.6,7.8,79,3.41,Tired
